-- --------------------------------------------------------
-- Host:                         127.0.0.1
-- Server version:               8.0.26 - MySQL Community Server - GPL
-- Server OS:                    Win64
-- HeidiSQL Version:             12.0.0.6468
-- --------------------------------------------------------

/*!40101 SET @OLD_CHARACTER_SET_CLIENT=@@CHARACTER_SET_CLIENT */;
/*!40101 SET NAMES utf8 */;
/*!50503 SET NAMES utf8mb4 */;
/*!40103 SET @OLD_TIME_ZONE=@@TIME_ZONE */;
/*!40103 SET TIME_ZONE='+00:00' */;
/*!40014 SET @OLD_FOREIGN_KEY_CHECKS=@@FOREIGN_KEY_CHECKS, FOREIGN_KEY_CHECKS=0 */;
/*!40101 SET @OLD_SQL_MODE=@@SQL_MODE, SQL_MODE='NO_AUTO_VALUE_ON_ZERO' */;
/*!40111 SET @OLD_SQL_NOTES=@@SQL_NOTES, SQL_NOTES=0 */;


-- Dumping database structure for auction
CREATE DATABASE IF NOT EXISTS `auction` /*!40100 DEFAULT CHARACTER SET utf8mb4 COLLATE utf8mb4_0900_ai_ci */ /*!80016 DEFAULT ENCRYPTION='N' */;
USE `auction`;

-- Dumping structure for table auction.action_logs
CREATE TABLE IF NOT EXISTS `action_logs` (
  `id` int unsigned NOT NULL AUTO_INCREMENT,
  `path` varchar(50) NOT NULL DEFAULT '',
  `matched_route` varchar(100) NOT NULL DEFAULT '',
  `client_ip` varchar(50) NOT NULL DEFAULT '',
  `user` varchar(200) CHARACTER SET utf8mb4 COLLATE utf8mb4_0900_ai_ci NOT NULL,
  `method` varchar(10) NOT NULL DEFAULT '',
  `status` int NOT NULL DEFAULT '200',
  `request` longtext,
  `response` longtext,
  `error` longtext,
  `created_at` datetime NOT NULL DEFAULT CURRENT_TIMESTAMP,
  PRIMARY KEY (`id`)
) ENGINE=InnoDB AUTO_INCREMENT=612 DEFAULT CHARSET=utf8mb4 COLLATE=utf8mb4_0900_ai_ci;

-- Dumping data for table auction.action_logs: ~29 rows (approximately)
INSERT INTO `action_logs` (`id`, `path`, `matched_route`, `client_ip`, `user`, `method`, `status`, `request`, `response`, `error`, `created_at`) VALUES
	(39, '/auction', '/auction', '::1', 'trungkien07yd@gmail.com', 'POST', 200, '{"query":{},"body":{"auction":{"start_time":"2023-06-08 20:32:00","auction_time":20,"is_returned":0,"is_finished_soon":0},"product":{"name":"Test","branch":"ạhbfd","status":"mới","title":"ffd","description":"dfdfd","key_word":"","category_id":1,"start_price":"50000","images":["http://res.cloudinary.com/nguyenkien2022001/image/upload/v1686231021/upload/eu101fz7vra6de6an0kc.jpg","http://res.cloudinary.com/nguyenkien2022001/image/upload/v1686231021/upload/foukkwrzjid2mltartjf.jpg","http://res.cloudinary.com/nguyenkien2022001/image/upload/v1686231021/upload/fuzjwjaeq2ai8zfbuosr.jpg"]}}}', '{"success":true}', 'null', '2023-06-08 20:30:29'),
	(46, '/auction', '/auction', '::1', 'trungkien07yd@gmail.com', 'POST', 200, '{"query":{},"body":{"auction":{"start_time":"2023-06-08 20:33:00","auction_time":20,"is_returned":0,"is_finished_soon":0},"product":{"name":"4rtgfh","branch":"ẻger","status":"ẻgerg","title":"ds","description":"dsvdsv","key_word":"","category_id":7,"start_price":"50000","images":["http://res.cloudinary.com/nguyenkien2022001/image/upload/v1686231083/upload/qhbznptmame1eiyptoe6.jpg","http://res.cloudinary.com/nguyenkien2022001/image/upload/v1686231083/upload/ujfuku2dycfzec43kana.jpg","http://res.cloudinary.com/nguyenkien2022001/image/upload/v1686231083/upload/futl7eh7gfnvxctxyc2w.png"]}}}', '{"success":true}', 'null', '2023-06-08 20:31:29'),
	(56, '/auction', '/auction', '::1', 'trungkien07yd@gmail.com', 'POST', 200, '{"query":{},"body":{"auction":{"start_time":"2023-06-08 20:34:00","auction_time":20,"is_returned":0,"is_finished_soon":0},"product":{"name":"trgf","branch":"","status":"fgfg","title":"4rf","description":"ed","key_word":"","category_id":1,"start_price":5000,"images":["http://res.cloudinary.com/nguyenkien2022001/image/upload/v1686231117/upload/b2two0yehsdbtm5ioiue.jpg","http://res.cloudinary.com/nguyenkien2022001/image/upload/v1686231117/upload/rxg8fgnjusofj6fyrm1w.jpg","http://res.cloudinary.com/nguyenkien2022001/image/upload/v1686231120/upload/an2akquwiguuuvgmesbs.png"]}}}', '{"success":true}', 'null', '2023-06-08 20:32:06'),
	(66, '/auction', '/auction', '::1', 'trungkien07yd@gmail.com', 'POST', 200, '{"query":{},"body":{"auction":{"start_time":"2023-06-08 20:35:00","auction_time":20,"is_returned":0,"is_finished_soon":0},"product":{"name":"ẻ","branch":"","status":"ẻg","title":"ưef","description":"ưefwe","key_word":"","category_id":8,"start_price":5000,"images":["http://res.cloudinary.com/nguyenkien2022001/image/upload/v1686231177/upload/je3ayfm8kq41vewjetuj.jpg","http://res.cloudinary.com/nguyenkien2022001/image/upload/v1686231178/upload/izqwy8q4gpsucq9ulees.jpg"]}}}', '{"success":true}', 'null', '2023-06-08 20:33:08'),
	(129, '/auction/raise', '/auction/raise?auction_id=42', '::1', '1@gmail.com', 'POST', 200, '{"query":{"auction_id":"42"},"body":{"price":"50000000","time":"2023-06-08 20:40:21"}}', '{"success":true}', 'null', '2023-06-08 20:40:22'),
	(404, '/auction/raise', '/auction/raise?auction_id=42', '::1', '1@gmail.com', 'POST', 200, '{"query":{"auction_id":"42"},"body":{"price":"51000000","time":"2023-06-10 09:17:01"}}', '{"success":true}', 'null', '2023-06-10 09:17:02'),
	(415, '/auction/raise', '/auction/raise?auction_id=42', '::1', '1@gmail.com', 'POST', 200, '{"query":{"auction_id":"42"},"body":{"price":"51000000","time":"2023-06-10 09:17:04"}}', '{"success":false,"message":"Auction raise error : price must be > 51000000"}', 'Auction raise error : price must be > 51000000', '2023-06-10 09:17:04'),
	(419, '/auction/raise', '/auction/raise?auction_id=43', '::1', '1@gmail.com', 'POST', 200, '{"query":{"auction_id":"43"},"body":{"price":"51000","time":"2023-06-10 09:17:18"}}', '{"success":true}', 'null', '2023-06-10 09:17:18'),
	(430, '/auction/raise', '/auction/raise?auction_id=43', '::1', '1@gmail.com', 'POST', 200, '{"query":{"auction_id":"43"},"body":{"price":"52000","time":"2023-06-10 09:18:05"}}', '{"success":true}', 'null', '2023-06-10 09:18:05'),
	(439, '/auction/raise', '/auction/raise?auction_id=43', '::1', '1@gmail.com', 'POST', 200, '{"query":{"auction_id":"43"},"body":{"price":"53000","time":"2023-06-10 09:19:17"}}', '{"success":true}', 'null', '2023-06-10 09:19:18'),
	(450, '/auction/raise', '/auction/raise?auction_id=43', '::1', '1@gmail.com', 'POST', 200, '{"query":{"auction_id":"43"},"body":{"price":"54000","time":"2023-06-10 09:19:29"}}', '{"success":true}', 'null', '2023-06-10 09:19:29'),
	(460, '/auction/raise', '/auction/raise?auction_id=43', '::1', '1@gmail.com', 'POST', 200, '{"query":{"auction_id":"43"},"body":{"price":"54000","time":"2023-06-10 09:19:31"}}', '{"success":false,"message":"Auction raise error : price must be > 54000"}', 'Auction raise error : price must be > 54000', '2023-06-10 09:19:32'),
	(461, '/auction/raise', '/auction/raise?auction_id=43', '::1', '1@gmail.com', 'POST', 200, '{"query":{"auction_id":"43"},"body":{"price":"55000","time":"2023-06-10 09:19:37"}}', '{"success":true}', 'null', '2023-06-10 09:19:37'),
	(472, '/auction/raise', '/auction/raise?auction_id=43', '::1', '1@gmail.com', 'POST', 200, '{"query":{"auction_id":"43"},"body":{"price":"56000","time":"2023-06-10 09:20:00"}}', '{"success":true}', 'null', '2023-06-10 09:20:00'),
	(487, '/auction/raise', '/auction/raise?auction_id=43', '::1', '1@gmail.com', 'POST', 200, '{"query":{"auction_id":"43"},"body":{"price":"57000","time":"2023-06-10 09:20:27"}}', '{"success":true}', 'null', '2023-06-10 09:20:27'),
	(501, '/auction/raise', '/auction/raise?auction_id=43', '::1', '1@gmail.com', 'POST', 200, '{"query":{"auction_id":"43"},"body":{"price":"58000","time":"2023-06-10 09:21:19"}}', '{"success":true}', 'null', '2023-06-10 09:21:19'),
	(527, '/auction/raise', '/auction/raise?auction_id=43', '::1', '1@gmail.com', 'POST', 200, '{"query":{"auction_id":"43"},"body":{"price":"59000","time":"2023-06-10 09:23:10"}}', '{"success":true}', 'null', '2023-06-10 09:23:10'),
	(532, '/auction/raise', '/auction/raise?auction_id=43', '::1', '1@gmail.com', 'POST', 200, '{"query":{"auction_id":"43"},"body":{"price":"60000","time":"2023-06-10 09:23:22"}}', '{"success":true}', 'null', '2023-06-10 09:23:22'),
	(601, '/auction/raise', '/auction/raise?auction_id=43', '::1', 'null', 'POST', 400, '{"query":{"auction_id":"43"},"body":{"price":"61000","time":"2023-06-10 10:28:43"}}', '{"success":false,"message":"missing x-access-token/x-key in headers"}', 'missing x-access-token/x-key in headers', '2023-06-10 10:28:43'),
	(602, '/auction/raise', '/auction/raise?auction_id=43', '::1', 'null', 'POST', 400, '{"query":{"auction_id":"43"},"body":{"price":"62000","time":"2023-06-10 10:28:48"}}', '{"success":false,"message":"missing x-access-token/x-key in headers"}', 'missing x-access-token/x-key in headers', '2023-06-10 10:28:48'),
	(603, '/auction/raise', '/auction/raise?auction_id=43', '::1', 'null', 'POST', 400, '{"query":{"auction_id":"43"},"body":{"price":"62000","time":"2023-06-10 10:29:02"}}', '{"success":false,"message":"missing x-access-token/x-key in headers"}', 'missing x-access-token/x-key in headers', '2023-06-10 10:29:02'),
	(604, '/auction/raise', '/auction/raise?auction_id=43', '::1', '1@gmail.com', 'POST', 200, '{"query":{"auction_id":"43"},"body":{"price":"61000","time":"2023-06-10 10:29:24"}}', '{"success":true}', 'null', '2023-06-10 10:29:24'),
	(605, '/auction/raise', '/auction/raise?auction_id=43', '::1', '1@gmail.com', 'POST', 200, '{"query":{"auction_id":"43"},"body":{"price":"62000","time":"2023-06-10 10:29:34"}}', '{"success":false,"message":"Bạn đã đấu giá 10 lần cho sản phẩm này, bạn không thể đấu giá thêm"}', 'Bạn đã đấu giá 10 lần cho sản phẩm này, bạn không thể đấu giá thêm', '2023-06-10 10:29:34'),
	(606, '/auction/raise', '/auction/raise?auction_id=42', '::1', '1@gmail.com', 'POST', 200, '{"query":{"auction_id":"42"},"body":{"price":"52000000","time":"2023-06-10 10:29:50"}}', '{"success":true}', 'null', '2023-06-10 10:29:50'),
	(607, '/auction/raise', '/auction/raise?auction_id=41', '::1', '1@gmail.com', 'POST', 200, '{"query":{"auction_id":"41"},"body":{"price":"5003","time":"2023-06-10 10:31:12"}}', '{"success":true}', 'null', '2023-06-10 10:31:12'),
	(608, '/auction/raise', '/auction/raise?auction_id=41', '::1', '1@gmail.com', 'POST', 200, '{"query":{"auction_id":"41"},"body":{"price":"5004","time":"2023-06-10 10:31:20"}}', '{"success":true}', 'null', '2023-06-10 10:31:20'),
	(609, '/auction/raise', '/auction/raise?auction_id=41', '::1', '1@gmail.com', 'POST', 200, '{"query":{"auction_id":"41"},"body":{"price":"5005","time":"2023-06-10 10:31:31"}}', '{"success":true}', 'null', '2023-06-10 10:31:31'),
	(610, '/auction/raise', '/auction/raise?auction_id=44', '::1', '1@gmail.com', 'POST', 200, '{"query":{"auction_id":"44"},"body":{"price":"6000","time":"2023-06-10 15:44:05"}}', '{"success":true}', 'null', '2023-06-10 15:44:05'),
	(611, '/auction/raise', '/auction/raise?auction_id=44', '::1', '1@gmail.com', 'POST', 200, '{"query":{"auction_id":"44"},"body":{"price":"6001","time":"2023-06-10 15:44:15"}}', '{"success":true}', 'null', '2023-06-10 15:44:15');

-- Dumping structure for table auction.auction
CREATE TABLE IF NOT EXISTS `auction` (
  `id` int NOT NULL AUTO_INCREMENT,
  `start_time` datetime NOT NULL DEFAULT CURRENT_TIMESTAMP,
  `end_time` datetime DEFAULT NULL,
  `auction_time` int NOT NULL DEFAULT '13',
  `product_id` int NOT NULL DEFAULT '0',
  `start_price` int NOT NULL DEFAULT '0',
  `sell_price` int DEFAULT NULL,
  `seller_id` int unsigned NOT NULL DEFAULT '0',
  `auction_count` int unsigned NOT NULL DEFAULT '0',
  `auctioneer_win` int unsigned DEFAULT NULL,
  `status` int NOT NULL DEFAULT '1',
  `is_returned` int NOT NULL DEFAULT '0',
  `is_finished_soon` int NOT NULL DEFAULT '0',
  `seller_confirm_time` datetime DEFAULT NULL,
  `auctioneer_confirm_time` datetime DEFAULT NULL,
  `created_at` datetime NOT NULL DEFAULT CURRENT_TIMESTAMP,
  `updated_at` datetime NOT NULL DEFAULT CURRENT_TIMESTAMP ON UPDATE CURRENT_TIMESTAMP,
  `deleted_at` datetime DEFAULT NULL,
  PRIMARY KEY (`id`),
  KEY `auction_status` (`status`),
  KEY `user_id` (`seller_id`),
  KEY `auction_time` (`auction_time`),
  KEY `FK_auction_product` (`product_id`),
  CONSTRAINT `auction_status` FOREIGN KEY (`status`) REFERENCES `auction_status` (`id`),
  CONSTRAINT `auction_time` FOREIGN KEY (`auction_time`) REFERENCES `auction_time` (`id`),
  CONSTRAINT `FK_auction_product` FOREIGN KEY (`product_id`) REFERENCES `product` (`id`),
  CONSTRAINT `user_id` FOREIGN KEY (`seller_id`) REFERENCES `user` (`id`)
) ENGINE=InnoDB AUTO_INCREMENT=46 DEFAULT CHARSET=utf8mb4 COLLATE=utf8mb4_0900_ai_ci;

-- Dumping data for table auction.auction: ~43 rows (approximately)
INSERT INTO `auction` (`id`, `start_time`, `end_time`, `auction_time`, `product_id`, `start_price`, `sell_price`, `seller_id`, `auction_count`, `auctioneer_win`, `status`, `is_returned`, `is_finished_soon`, `seller_confirm_time`, `auctioneer_confirm_time`, `created_at`, `updated_at`, `deleted_at`) VALUES
	(1, '2023-01-06 00:00:00', NULL, 19, 1, 12000000, 22000000, 319, 14, 1, 6, 0, 0, NULL, NULL, '2023-02-14 09:46:51', '2023-02-16 10:00:00', NULL),
	(2, '2023-01-06 00:00:00', NULL, 20, 2, 15000000, 29500000, 319, 16, NULL, 6, 0, 0, NULL, NULL, '2023-02-14 09:46:51', '2023-02-16 10:00:00', NULL),
	(3, '2023-01-06 00:00:00', NULL, 19, 3, 18000000, 18500005, 319, 6, NULL, 6, 0, 0, NULL, NULL, '2023-02-14 09:46:51', '2023-02-16 10:00:00', NULL),
	(4, '2023-01-06 00:00:00', NULL, 18, 4, 18000000, 18000000, 319, 0, NULL, 6, 0, 0, NULL, NULL, '2023-02-14 09:46:51', '2023-02-16 10:00:00', NULL),
	(5, '2023-01-06 00:00:00', NULL, 19, 5, 18000000, 22000000, 319, 4, NULL, 6, 0, 0, NULL, NULL, '2023-02-14 09:46:51', '2023-02-16 10:00:00', NULL),
	(6, '2023-01-06 00:00:00', NULL, 20, 6, 5000, 20000, 325, 198, NULL, 6, 0, 0, NULL, NULL, '2023-02-14 09:46:51', '2023-02-16 10:00:00', NULL),
	(7, '2023-01-06 00:00:00', NULL, 18, 7, 5000000, 5000000, 325, 0, NULL, 6, 0, 0, NULL, NULL, '2023-02-14 09:46:51', '2023-02-16 10:00:00', NULL),
	(10, '2023-01-06 00:00:00', NULL, 20, 10, 50000, 76000, 317, 26, NULL, 6, 1, 0, NULL, NULL, '2023-02-14 09:46:51', '2023-02-16 10:00:00', NULL),
	(11, '2023-01-06 00:00:00', NULL, 1, 11, 5000, 6000, 319, 1, NULL, 6, 0, 0, NULL, NULL, '2023-02-14 09:46:51', '2023-02-16 10:00:00', NULL),
	(12, '2023-01-06 00:00:00', NULL, 1, 12, 5000, 5000, 319, 0, NULL, 6, 0, 0, NULL, NULL, '2023-02-14 09:46:51', '2023-02-16 10:00:00', NULL),
	(13, '2023-01-06 00:00:00', NULL, 13, 13, 5000, 5011, 319, 11, NULL, 6, 1, 0, NULL, NULL, '2023-02-14 09:46:51', '2023-02-16 10:00:00', NULL),
	(14, '2023-01-06 00:00:00', NULL, 13, 14, 50000, 50000, 319, 0, NULL, 6, 0, 0, NULL, NULL, '2023-02-14 09:46:51', '2023-02-16 10:00:00', NULL),
	(15, '2023-01-06 00:00:00', NULL, 1, 15, 5000, 6000, 319, 1, NULL, 6, 0, 0, NULL, NULL, '2023-02-14 09:46:51', '2023-02-16 10:00:00', NULL),
	(16, '2023-01-06 00:00:00', NULL, 12, 16, 5000000, 5000000, 319, 0, NULL, 6, 0, 0, NULL, NULL, '2023-02-14 09:46:51', '2023-02-16 10:00:00', NULL),
	(17, '2023-01-06 00:00:00', NULL, 13, 17, 5000, 5001, 319, 1, NULL, 6, 0, 0, NULL, NULL, '2023-02-14 09:46:51', '2023-02-16 10:00:00', NULL),
	(18, '2023-01-06 00:00:00', NULL, 10, 18, 50000, 50000, 319, 0, NULL, 6, 1, 0, NULL, NULL, '2023-02-14 09:46:51', '2023-02-16 10:00:00', NULL),
	(19, '2023-01-06 00:00:00', NULL, 1, 19, 5000, 5000, 319, 0, NULL, 6, 0, 0, NULL, NULL, '2023-02-14 09:46:51', '2023-02-16 10:00:00', NULL),
	(20, '2023-01-06 00:00:00', NULL, 17, 20, 200000, 200000, 319, 0, NULL, 6, 0, 0, NULL, NULL, '2023-02-14 09:46:51', '2023-02-16 10:00:00', NULL),
	(21, '2023-01-06 00:00:00', NULL, 13, 21, 5000, 6000, 319, 1, NULL, 6, 0, 0, NULL, NULL, '2023-02-14 09:46:51', '2023-02-16 10:00:00', NULL),
	(22, '2023-01-06 00:00:00', NULL, 1, 22, 5000, 6000, 324, 1, NULL, 6, 0, 0, NULL, NULL, '2023-02-14 09:46:51', '2023-02-16 10:00:00', NULL),
	(23, '2023-01-06 00:00:00', NULL, 16, 23, 50000, 50000, 319, 0, NULL, 6, 0, 0, NULL, NULL, '2023-02-14 09:46:51', '2023-02-16 10:00:00', NULL),
	(24, '2023-01-06 00:00:00', NULL, 17, 24, 499000, 499001, 319, 1, NULL, 6, 1, 0, NULL, NULL, '2023-02-14 09:46:51', '2023-02-16 10:00:00', NULL),
	(25, '2023-01-06 00:00:00', NULL, 1, 25, 50000, 51000, 319, 1, NULL, 6, 0, 0, NULL, NULL, '2023-02-14 09:46:51', '2023-02-16 10:00:00', NULL),
	(26, '2023-02-16 10:06:00', NULL, 20, 26, 50000, 72000, 319, 22, NULL, 5, 0, 0, NULL, '2023-06-08 20:29:49', '2023-02-16 10:04:58', '2023-06-08 20:29:49', NULL),
	(27, '2023-02-19 09:03:00', NULL, 1, 27, 1000000, 1100000, 319, 1, 317, 7, 1, 0, NULL, NULL, '2023-02-19 09:01:18', '2023-02-21 21:34:31', NULL),
	(28, '2023-02-23 21:43:00', NULL, 18, 28, 36000000, 36000000, 319, 0, NULL, 6, 0, 0, NULL, NULL, '2023-02-23 21:41:36', '2023-03-24 08:28:59', NULL),
	(29, '2023-02-23 23:24:00', NULL, 16, 29, 21000000, 22000000, 327, 1, NULL, 7, 1, 0, NULL, NULL, '2023-02-23 23:22:51', '2023-03-24 08:35:00', NULL),
	(30, '2023-02-23 23:27:00', NULL, 19, 30, 80000000, 80000000, 327, 0, NULL, 6, 0, 0, NULL, NULL, '2023-02-23 23:25:42', '2023-03-24 08:28:59', NULL),
	(31, '2023-02-23 23:31:00', NULL, 20, 31, 50000, 100000000, 327, 3, NULL, 7, 0, 0, NULL, NULL, '2023-02-23 23:28:43', '2023-03-31 09:30:00', NULL),
	(32, '2023-02-23 23:33:00', NULL, 17, 32, 5000, 7000, 327, 2, NULL, 7, 0, 0, NULL, NULL, '2023-02-23 23:31:11', '2023-03-24 08:35:00', NULL),
	(33, '2023-02-27 23:32:00', NULL, 19, 33, 5000000, 5000000, 327, 0, NULL, 6, 0, 0, NULL, NULL, '2023-02-23 23:33:23', '2023-03-24 08:35:00', NULL),
	(34, '2023-02-26 23:34:00', NULL, 19, 34, 50000000, 50000000, 327, 0, NULL, 6, 0, 0, NULL, NULL, '2023-02-23 23:34:39', '2023-03-24 08:28:59', NULL),
	(35, '2023-02-27 23:35:00', NULL, 19, 35, 500078, 500078, 327, 0, NULL, 6, 0, 0, NULL, '2023-05-19 09:19:03', '2023-02-23 23:35:49', '2023-05-19 09:19:02', NULL),
	(36, '2023-02-27 23:36:00', NULL, 17, 36, 50007767, 50007767, 327, 0, NULL, 6, 0, 0, NULL, '2023-05-19 09:19:09', '2023-02-23 23:36:29', '2023-05-19 09:19:08', NULL),
	(37, '2023-02-23 23:53:00', NULL, 1, 37, 5000, 8000, 319, 3, 327, 5, 0, 0, NULL, '2023-05-19 11:11:27', '2023-02-23 23:51:41', '2023-05-19 11:11:27', NULL),
	(38, '2023-02-24 08:35:00', NULL, 13, 38, 500000, 600000, 327, 1, NULL, 7, 0, 0, NULL, NULL, '2023-02-24 08:33:14', '2023-02-27 20:50:00', NULL),
	(39, '2023-03-24 08:41:00', NULL, 1, 39, 5000, 123456, 323, 1, 319, 5, 1, 0, '2023-03-24 08:44:43', '2023-05-19 11:10:55', '2023-03-24 08:39:48', '2023-05-19 11:10:55', NULL),
	(40, '2023-04-14 17:15:00', NULL, 10, 40, 5000, 5000, 319, 0, NULL, 6, 0, 0, NULL, '2023-05-19 09:19:16', '2023-04-14 17:13:09', '2023-05-19 09:19:16', NULL),
	(41, '2023-05-22 23:39:00', NULL, 20, 41, 5002, 5005, 319, 3, NULL, 2, 0, 0, NULL, NULL, '2023-05-22 23:34:34', '2023-06-10 10:31:31', NULL),
	(42, '2023-06-08 20:32:00', NULL, 20, 42, 50000, 52000000, 319, 3, NULL, 2, 0, 0, NULL, NULL, '2023-06-08 20:30:29', '2023-06-10 10:29:50', NULL),
	(43, '2023-06-08 20:33:00', NULL, 20, 43, 50000, 61000, 319, 11, NULL, 2, 0, 0, NULL, NULL, '2023-06-08 20:31:29', '2023-06-10 10:29:24', NULL),
	(44, '2023-06-08 20:34:00', NULL, 20, 44, 5000, 6001, 319, 2, NULL, 2, 0, 0, NULL, NULL, '2023-06-08 20:32:06', '2023-06-10 15:44:15', NULL),
	(45, '2023-06-08 20:35:00', NULL, 20, 45, 5000, 5000, 319, 0, NULL, 6, 0, 0, NULL, '2023-06-08 20:43:43', '2023-06-08 20:33:08', '2023-06-08 20:43:42', NULL);

-- Dumping structure for table auction.auction_history
CREATE TABLE IF NOT EXISTS `auction_history` (
  `id` int NOT NULL AUTO_INCREMENT,
  `auction_id` int NOT NULL DEFAULT '0',
  `auctioneer_id` int unsigned NOT NULL DEFAULT '0',
  `bet_time` datetime NOT NULL DEFAULT CURRENT_TIMESTAMP,
  `bet_amount` int NOT NULL DEFAULT '0',
  `is_success` tinyint NOT NULL DEFAULT '0',
  `is_blocked` int NOT NULL DEFAULT '0',
  `created_at` datetime NOT NULL DEFAULT CURRENT_TIMESTAMP,
  PRIMARY KEY (`id`),
  KEY `aution_id_history` (`auction_id`),
  KEY `user_id_auction_history` (`auctioneer_id`),
  CONSTRAINT `aution_id_history` FOREIGN KEY (`auction_id`) REFERENCES `auction` (`id`),
  CONSTRAINT `user_id_auction_history` FOREIGN KEY (`auctioneer_id`) REFERENCES `user` (`id`)
) ENGINE=InnoDB AUTO_INCREMENT=338 DEFAULT CHARSET=utf8mb4 COLLATE=utf8mb4_0900_ai_ci;

-- Dumping data for table auction.auction_history: ~337 rows (approximately)
INSERT INTO `auction_history` (`id`, `auction_id`, `auctioneer_id`, `bet_time`, `bet_amount`, `is_success`, `is_blocked`, `created_at`) VALUES
	(1, 1, 319, '2022-12-05 16:00:00', 20000000, 1, 0, '2022-11-30 16:38:34'),
	(2, 2, 319, '2022-11-30 16:39:24', 0, 1, 0, '2022-11-30 16:39:25'),
	(3, 1, 319, '2022-12-05 16:00:00', 20000000, 1, 0, '2022-11-30 16:39:40'),
	(4, 1, 319, '2022-12-05 16:00:00', 20000000, 1, 0, '2022-12-01 17:12:28'),
	(5, 1, 319, '2022-12-05 16:00:00', 20000000, 1, 0, '2022-12-01 17:12:58'),
	(6, 1, 319, '2022-12-05 16:00:00', 20000000, 1, 0, '2022-12-01 17:14:03'),
	(7, 1, 319, '2022-12-05 16:00:00', 20000001, 1, 0, '2022-12-01 17:16:45'),
	(8, 1, 317, '2022-12-05 13:50:50', 200000002, 1, 0, '2022-12-05 13:50:50'),
	(9, 2, 317, '2022-12-05 13:52:31', 15000001, 1, 0, '2022-12-05 13:52:31'),
	(10, 2, 317, '2022-12-05 13:57:02', 16000000, 1, 0, '2022-12-05 13:57:02'),
	(11, 3, 317, '2022-12-05 14:01:48', 18500000, 1, 0, '2022-12-05 14:01:48'),
	(12, 3, 317, '2022-12-05 14:04:08', 18500001, 1, 0, '2022-12-05 14:04:08'),
	(13, 3, 317, '2022-12-05 14:07:08', 18500002, 1, 0, '2022-12-05 14:07:08'),
	(14, 3, 317, '2022-12-05 14:08:18', 18500003, 1, 0, '2022-12-05 14:08:18'),
	(15, 3, 317, '2022-12-05 14:08:42', 18500004, 1, 0, '2022-12-05 14:08:42'),
	(16, 3, 317, '2022-12-05 14:09:58', 18500005, 1, 0, '2022-12-05 14:09:58'),
	(17, 6, 324, '2022-12-08 10:27:50', 6000, 1, 0, '2022-12-08 10:27:50'),
	(18, 6, 317, '2022-12-10 00:34:01', 7000, 1, 0, '2022-12-10 00:34:01'),
	(19, 6, 317, '2022-12-10 00:35:19', 8000, 1, 0, '2022-12-10 00:35:19'),
	(20, 6, 317, '2022-12-10 00:36:55', 8001, 1, 0, '2022-12-10 00:36:55'),
	(21, 6, 317, '2022-12-10 00:38:12', 8002, 1, 0, '2022-12-10 00:38:13'),
	(22, 6, 317, '2022-12-10 00:40:29', 8003, 1, 0, '2022-12-10 00:40:29'),
	(23, 6, 317, '2022-12-10 00:51:00', 8004, 1, 0, '2022-12-10 00:51:00'),
	(24, 6, 317, '2022-12-10 00:51:31', 8005, 1, 0, '2022-12-10 00:51:31'),
	(25, 6, 317, '2022-12-10 00:57:06', 8006, 1, 0, '2022-12-10 00:57:06'),
	(26, 6, 319, '2022-12-10 01:01:27', 8007, 1, 0, '2022-12-10 01:01:27'),
	(27, 6, 319, '2022-12-10 01:07:55', 8008, 1, 0, '2022-12-10 01:07:55'),
	(28, 6, 317, '2022-12-10 01:08:20', 8009, 1, 0, '2022-12-10 01:08:20'),
	(29, 6, 317, '2022-12-10 01:10:00', 8010, 1, 0, '2022-12-10 01:10:00'),
	(30, 6, 317, '2022-12-10 01:10:21', 8011, 1, 0, '2022-12-10 01:10:21'),
	(31, 6, 319, '2022-12-10 01:11:42', 8012, 1, 0, '2022-12-10 01:11:42'),
	(32, 6, 317, '2022-12-10 01:11:56', 8013, 1, 0, '2022-12-10 01:11:56'),
	(33, 6, 317, '2022-12-10 01:15:35', 8014, 1, 0, '2022-12-10 01:15:35'),
	(34, 6, 319, '2022-12-10 01:15:41', 8015, 1, 0, '2022-12-10 01:15:41'),
	(35, 6, 317, '2022-12-10 01:16:22', 8017, 1, 0, '2022-12-10 01:16:22'),
	(36, 6, 317, '2022-12-10 01:17:35', 8018, 1, 0, '2022-12-10 01:17:35'),
	(37, 6, 317, '2022-12-10 01:19:13', 8020, 1, 0, '2022-12-10 01:19:13'),
	(38, 6, 317, '2022-12-10 01:19:51', 8022, 1, 0, '2022-12-10 01:19:51'),
	(39, 6, 317, '2022-12-10 01:20:07', 8023, 1, 0, '2022-12-10 01:20:07'),
	(40, 6, 317, '2022-12-10 01:22:59', 8024, 1, 0, '2022-12-10 01:22:59'),
	(41, 6, 319, '2022-12-10 01:23:05', 8025, 1, 0, '2022-12-10 01:23:05'),
	(42, 6, 319, '2022-12-10 01:25:50', 8026, 1, 0, '2022-12-10 01:25:50'),
	(43, 6, 319, '2022-12-10 01:27:22', 8027, 1, 0, '2022-12-10 01:27:23'),
	(44, 6, 317, '2022-12-10 01:27:31', 8028, 1, 0, '2022-12-10 01:27:31'),
	(45, 6, 319, '2022-12-10 01:28:48', 8029, 1, 0, '2022-12-10 01:28:48'),
	(46, 6, 319, '2022-12-10 01:29:09', 8030, 1, 0, '2022-12-10 01:29:09'),
	(47, 6, 317, '2022-12-10 01:29:17', 8031, 1, 0, '2022-12-10 01:29:17'),
	(48, 6, 319, '2022-12-10 01:37:23', 8032, 1, 0, '2022-12-10 01:37:24'),
	(49, 6, 317, '2022-12-10 01:37:52', 8033, 1, 0, '2022-12-10 01:37:52'),
	(50, 6, 317, '2022-12-10 01:38:15', 8034, 1, 0, '2022-12-10 01:38:15'),
	(51, 6, 319, '2022-12-10 01:38:58', 8035, 1, 0, '2022-12-10 01:38:58'),
	(52, 6, 319, '2022-12-10 01:40:53', 8037, 1, 0, '2022-12-10 01:40:53'),
	(53, 6, 317, '2022-12-10 01:41:01', 8038, 1, 0, '2022-12-10 01:41:01'),
	(54, 6, 319, '2022-12-10 01:41:54', 8039, 1, 0, '2022-12-10 01:41:54'),
	(55, 6, 317, '2022-12-10 01:42:05', 8040, 1, 0, '2022-12-10 01:42:05'),
	(56, 6, 317, '2022-12-10 01:43:29', 8049, 1, 0, '2022-12-10 01:43:29'),
	(57, 6, 319, '2022-12-10 01:46:52', 8050, 1, 0, '2022-12-10 01:46:52'),
	(58, 6, 317, '2022-12-10 01:47:04', 8051, 1, 0, '2022-12-10 01:47:04'),
	(59, 6, 319, '2022-12-10 01:47:15', 8052, 1, 0, '2022-12-10 01:47:15'),
	(60, 6, 319, '2022-12-10 01:49:39', 8055, 1, 0, '2022-12-10 01:49:39'),
	(61, 6, 319, '2022-12-10 01:50:06', 8057, 1, 0, '2022-12-10 01:50:07'),
	(62, 6, 317, '2022-12-10 01:50:14', 8058, 1, 0, '2022-12-10 01:50:14'),
	(63, 6, 319, '2022-12-10 01:51:56', 8060, 1, 0, '2022-12-10 01:51:56'),
	(64, 6, 319, '2022-12-10 01:56:40', 8061, 1, 0, '2022-12-10 01:56:40'),
	(65, 6, 319, '2022-12-10 01:58:13', 8062, 1, 0, '2022-12-10 01:58:13'),
	(66, 6, 319, '2022-12-10 01:59:37', 8063, 1, 0, '2022-12-10 01:59:37'),
	(67, 6, 317, '2022-12-10 01:59:43', 8064, 1, 0, '2022-12-10 01:59:43'),
	(68, 6, 319, '2022-12-10 02:00:28', 8065, 1, 0, '2022-12-10 02:00:28'),
	(69, 6, 317, '2022-12-10 02:00:36', 8066, 1, 0, '2022-12-10 02:00:36'),
	(70, 6, 317, '2022-12-10 02:01:15', 8067, 1, 0, '2022-12-10 02:01:15'),
	(71, 6, 319, '2022-12-10 02:01:20', 8068, 1, 0, '2022-12-10 02:01:20'),
	(72, 6, 317, '2022-12-10 02:01:36', 8069, 1, 0, '2022-12-10 02:01:36'),
	(73, 6, 319, '2022-12-10 02:01:44', 8070, 1, 0, '2022-12-10 02:01:44'),
	(74, 6, 319, '2022-12-10 02:03:48', 8071, 1, 0, '2022-12-10 02:03:48'),
	(75, 6, 319, '2022-12-10 02:04:51', 8072, 1, 0, '2022-12-10 02:04:51'),
	(76, 6, 319, '2022-12-10 02:06:54', 8073, 1, 0, '2022-12-10 02:06:54'),
	(77, 2, 319, '2022-12-10 02:11:25', 17000000, 1, 0, '2022-12-10 02:11:25'),
	(78, 2, 317, '2022-12-10 02:11:37', 18000000, 1, 0, '2022-12-10 02:11:38'),
	(79, 2, 319, '2022-12-10 02:11:49', 19000000, 1, 0, '2022-12-10 02:11:49'),
	(80, 2, 317, '2022-12-10 02:11:55', 20000000, 1, 0, '2022-12-10 02:11:55'),
	(81, 6, 324, '2022-12-10 10:24:21', 8074, 1, 0, '2022-12-10 10:24:22'),
	(82, 6, 317, '2022-12-10 10:24:43', 8076, 1, 0, '2022-12-10 10:24:43'),
	(83, 6, 317, '2022-12-10 10:25:14', 8077, 1, 0, '2022-12-10 10:25:15'),
	(84, 6, 324, '2022-12-10 10:25:36', 8078, 1, 0, '2022-12-10 10:25:36'),
	(85, 6, 324, '2022-12-10 10:27:27', 8081, 1, 0, '2022-12-10 10:27:27'),
	(86, 6, 317, '2022-12-10 10:27:34', 8082, 1, 0, '2022-12-10 10:27:34'),
	(87, 6, 317, '2022-12-10 10:51:47', 8089, 1, 0, '2022-12-10 10:51:47'),
	(88, 6, 324, '2022-12-10 10:52:58', 8090, 1, 0, '2022-12-10 10:52:58'),
	(89, 6, 317, '2022-12-10 10:53:34', 8091, 1, 0, '2022-12-10 10:53:34'),
	(90, 6, 317, '2022-12-10 10:53:41', 8092, 1, 0, '2022-12-10 10:53:41'),
	(91, 6, 317, '2022-12-10 10:53:47', 8093, 1, 0, '2022-12-10 10:53:47'),
	(92, 6, 317, '2022-12-10 10:53:55', 8094, 1, 0, '2022-12-10 10:53:55'),
	(93, 6, 324, '2022-12-10 10:54:01', 8095, 1, 0, '2022-12-10 10:54:01'),
	(94, 6, 324, '2022-12-10 10:57:28', 8096, 1, 0, '2022-12-10 10:57:28'),
	(95, 6, 317, '2022-12-10 10:57:37', 8097, 1, 0, '2022-12-10 10:57:37'),
	(96, 6, 317, '2022-12-10 10:57:59', 8098, 1, 0, '2022-12-10 10:57:59'),
	(97, 6, 324, '2022-12-10 10:58:45', 8099, 1, 0, '2022-12-10 10:58:46'),
	(98, 6, 317, '2022-12-10 10:59:07', 8100, 1, 0, '2022-12-10 10:59:07'),
	(99, 6, 324, '2022-12-10 10:59:18', 8101, 1, 0, '2022-12-10 10:59:18'),
	(100, 6, 317, '2022-12-10 10:59:51', 8102, 1, 0, '2022-12-10 10:59:51'),
	(101, 6, 324, '2022-12-10 11:02:14', 8104, 1, 0, '2022-12-10 11:02:14'),
	(102, 6, 317, '2022-12-10 11:02:25', 8105, 1, 0, '2022-12-10 11:02:25'),
	(103, 6, 326, '2022-12-10 11:04:13', 8106, 1, 0, '2022-12-10 11:04:13'),
	(104, 6, 317, '2022-12-10 11:04:24', 8107, 1, 0, '2022-12-10 11:04:24'),
	(105, 6, 326, '2022-12-10 11:04:42', 8108, 1, 0, '2022-12-10 11:04:42'),
	(106, 6, 326, '2022-12-10 11:04:49', 8109, 1, 0, '2022-12-10 11:04:49'),
	(107, 6, 317, '2022-12-10 11:05:37', 8110, 1, 0, '2022-12-10 11:05:37'),
	(108, 6, 317, '2022-12-10 11:05:46', 8111, 1, 0, '2022-12-10 11:05:46'),
	(109, 6, 324, '2022-12-10 11:05:53', 8112, 1, 0, '2022-12-10 11:05:53'),
	(110, 6, 324, '2022-12-10 11:06:04', 8113, 1, 0, '2022-12-10 11:06:04'),
	(111, 6, 326, '2022-12-10 11:07:55', 8116, 1, 0, '2022-12-10 11:07:55'),
	(112, 6, 326, '2022-12-10 11:08:03', 8117, 1, 0, '2022-12-10 11:08:03'),
	(113, 6, 326, '2022-12-10 11:08:48', 8119, 1, 0, '2022-12-10 11:08:48'),
	(114, 6, 326, '2022-12-10 11:09:05', 8120, 1, 0, '2022-12-10 11:09:05'),
	(115, 6, 326, '2022-12-10 11:10:11', 8122, 1, 0, '2022-12-10 11:10:11'),
	(116, 6, 326, '2022-12-10 11:10:27', 8123, 1, 0, '2022-12-10 11:10:27'),
	(117, 6, 326, '2022-12-10 11:10:49', 8124, 1, 0, '2022-12-10 11:10:50'),
	(118, 6, 326, '2022-12-10 11:11:16', 8125, 1, 0, '2022-12-10 11:11:16'),
	(119, 6, 326, '2022-12-10 11:16:10', 8126, 1, 0, '2022-12-10 11:16:10'),
	(120, 6, 317, '2022-12-10 11:16:22', 8127, 1, 0, '2022-12-10 11:16:23'),
	(121, 6, 326, '2022-12-10 11:16:33', 8128, 1, 0, '2022-12-10 11:16:33'),
	(122, 6, 326, '2022-12-10 11:18:05', 8129, 1, 0, '2022-12-10 11:18:05'),
	(123, 6, 317, '2022-12-10 11:18:14', 8130, 1, 0, '2022-12-10 11:18:14'),
	(124, 6, 326, '2022-12-10 11:18:24', 8131, 1, 0, '2022-12-10 11:18:24'),
	(125, 6, 326, '2022-12-10 11:19:23', 8132, 1, 0, '2022-12-10 11:19:23'),
	(126, 6, 326, '2022-12-10 11:19:31', 8133, 1, 0, '2022-12-10 11:19:31'),
	(127, 6, 326, '2022-12-10 11:20:06', 8135, 1, 0, '2022-12-10 11:20:06'),
	(128, 6, 326, '2022-12-10 11:20:14', 8136, 1, 0, '2022-12-10 11:20:14'),
	(129, 6, 326, '2022-12-10 11:20:29', 8137, 1, 0, '2022-12-10 11:20:29'),
	(130, 6, 326, '2022-12-10 11:21:51', 8138, 1, 0, '2022-12-10 11:21:51'),
	(131, 6, 326, '2022-12-10 11:21:58', 8139, 1, 0, '2022-12-10 11:21:58'),
	(132, 6, 326, '2022-12-10 11:22:04', 8140, 1, 0, '2022-12-10 11:22:04'),
	(133, 6, 324, '2022-12-10 11:22:15', 8142, 1, 0, '2022-12-10 11:22:16'),
	(134, 6, 324, '2022-12-10 11:23:18', 8147, 1, 0, '2022-12-10 11:23:18'),
	(135, 6, 326, '2022-12-10 11:23:38', 8148, 1, 0, '2022-12-10 11:23:38'),
	(136, 6, 326, '2022-12-10 11:23:52', 8149, 1, 0, '2022-12-10 11:23:52'),
	(137, 6, 326, '2022-12-10 11:24:53', 8150, 1, 0, '2022-12-10 11:24:53'),
	(138, 6, 326, '2022-12-10 11:25:02', 8151, 1, 0, '2022-12-10 11:25:02'),
	(139, 5, 326, '2022-12-10 11:25:25', 19000000, 1, 0, '2022-12-10 11:25:25'),
	(140, 5, 317, '2022-12-10 11:25:42', 20000000, 1, 0, '2022-12-10 11:25:42'),
	(141, 5, 317, '2022-12-10 11:25:54', 21000000, 1, 0, '2022-12-10 11:25:55'),
	(142, 5, 317, '2022-12-10 11:26:26', 22000000, 1, 0, '2022-12-10 11:26:27'),
	(143, 2, 324, '2022-12-10 11:42:06', 21000000, 1, 0, '2022-12-10 11:42:06'),
	(144, 2, 317, '2022-12-10 11:42:13', 22000000, 1, 0, '2022-12-10 11:42:13'),
	(145, 2, 317, '2022-12-10 11:42:59', 23000000, 1, 0, '2022-12-10 11:42:59'),
	(146, 2, 317, '2022-12-10 11:45:18', 24000000, 1, 0, '2022-12-10 11:45:19'),
	(147, 2, 317, '2022-12-10 11:45:26', 25000000, 1, 0, '2022-12-10 11:45:26'),
	(148, 2, 326, '2022-12-10 11:45:38', 26000000, 1, 0, '2022-12-10 11:45:38'),
	(149, 2, 326, '2022-12-10 11:45:45', 27000000, 1, 0, '2022-12-10 11:45:45'),
	(150, 2, 317, '2022-12-10 11:45:52', 28000000, 1, 0, '2022-12-10 11:45:52'),
	(151, 2, 326, '2022-12-10 11:45:59', 29000000, 1, 0, '2022-12-10 11:45:59'),
	(152, 6, 324, '2022-12-11 00:11:27', 8152, 1, 0, '2022-12-11 00:11:27'),
	(153, 6, 324, '2022-12-11 00:12:22', 8153, 1, 0, '2022-12-11 00:12:22'),
	(154, 6, 317, '2022-12-11 01:13:26', 8154, 1, 0, '2022-12-11 01:13:26'),
	(155, 6, 317, '2022-12-11 01:13:36', 8155, 1, 0, '2022-12-11 01:13:36'),
	(156, 6, 317, '2022-12-11 01:13:46', 8156, 1, 0, '2022-12-11 01:13:46'),
	(157, 6, 317, '2022-12-11 01:14:35', 8159, 1, 0, '2022-12-11 01:14:35'),
	(158, 6, 317, '2022-12-11 01:16:03', 8160, 1, 0, '2022-12-11 01:16:03'),
	(159, 6, 324, '2022-12-11 01:16:09', 8161, 1, 0, '2022-12-11 01:16:09'),
	(160, 6, 324, '2022-12-11 01:16:18', 8162, 1, 0, '2022-12-11 01:16:18'),
	(161, 6, 324, '2022-12-11 01:16:23', 8163, 1, 0, '2022-12-11 01:16:23'),
	(162, 6, 324, '2022-12-11 01:17:03', 8164, 1, 0, '2022-12-11 01:17:03'),
	(163, 6, 324, '2022-12-11 01:17:24', 8165, 1, 0, '2022-12-11 01:17:24'),
	(164, 6, 324, '2022-12-11 01:17:54', 8166, 1, 0, '2022-12-11 01:17:54'),
	(165, 6, 324, '2022-12-11 01:18:00', 8167, 1, 0, '2022-12-11 01:18:00'),
	(166, 6, 324, '2022-12-11 01:18:04', 8168, 1, 0, '2022-12-11 01:18:04'),
	(167, 6, 324, '2022-12-11 14:34:49', 8169, 1, 0, '2022-12-11 14:34:49'),
	(168, 6, 317, '2022-12-11 14:35:06', 8170, 1, 0, '2022-12-11 14:35:06'),
	(169, 6, 317, '2022-12-11 14:35:18', 8171, 1, 0, '2022-12-11 14:35:18'),
	(170, 6, 317, '2022-12-11 14:35:28', 8172, 1, 0, '2022-12-11 14:35:28'),
	(171, 6, 324, '2022-12-11 14:36:00', 8173, 1, 0, '2022-12-11 14:36:00'),
	(172, 10, 324, '2022-12-11 14:36:43', 51000, 1, 0, '2022-12-11 14:36:43'),
	(173, 10, 317, '2022-12-11 14:36:56', 52000, 1, 0, '2022-12-11 14:36:56'),
	(174, 10, 324, '2022-12-11 14:37:13', 53000, 1, 0, '2022-12-11 14:37:13'),
	(175, 10, 317, '2022-12-11 14:37:31', 54000, 1, 0, '2022-12-11 14:37:31'),
	(176, 10, 324, '2022-12-11 14:37:40', 55000, 1, 0, '2022-12-11 14:37:40'),
	(177, 10, 324, '2022-12-11 14:37:55', 56000, 1, 0, '2022-12-11 14:37:55'),
	(178, 10, 324, '2022-12-11 14:39:08', 57000, 1, 0, '2022-12-11 14:39:08'),
	(179, 10, 324, '2022-12-11 14:39:18', 58000, 1, 0, '2022-12-11 14:39:18'),
	(180, 6, 327, '2022-12-11 20:40:05', 8174, 1, 0, '2022-12-11 20:40:05'),
	(181, 6, 317, '2022-12-11 20:40:35', 8175, 1, 0, '2022-12-11 20:40:35'),
	(182, 10, 317, '2022-12-11 20:42:13', 59000, 1, 0, '2022-12-11 20:42:13'),
	(183, 10, 317, '2022-12-11 20:42:22', 60000, 1, 0, '2022-12-11 20:42:22'),
	(184, 10, 317, '2022-12-11 20:42:50', 61000, 1, 0, '2022-12-11 20:42:50'),
	(185, 10, 317, '2022-12-11 20:43:27', 62000, 1, 0, '2022-12-11 20:43:27'),
	(186, 10, 317, '2022-12-11 20:58:36', 63000, 1, 0, '2022-12-11 20:58:36'),
	(187, 10, 327, '2022-12-11 20:58:57', 64000, 1, 0, '2022-12-11 20:58:57'),
	(188, 10, 317, '2022-12-11 20:59:33', 65000, 1, 0, '2022-12-11 20:59:33'),
	(189, 10, 327, '2022-12-11 21:05:53', 66000, 1, 0, '2022-12-11 21:05:53'),
	(190, 10, 317, '2022-12-11 21:06:03', 67000, 1, 0, '2022-12-11 21:06:03'),
	(191, 6, 327, '2022-12-11 21:06:31', 8177, 1, 0, '2022-12-11 21:06:31'),
	(192, 10, 317, '2022-12-11 21:12:59', 68000, 1, 0, '2022-12-11 21:12:59'),
	(193, 10, 317, '2022-12-11 21:13:29', 69000, 1, 0, '2022-12-11 21:13:29'),
	(194, 10, 317, '2022-12-11 21:14:32', 70000, 1, 0, '2022-12-11 21:14:32'),
	(195, 10, 317, '2022-12-11 21:15:39', 71000, 1, 0, '2022-12-11 21:15:39'),
	(196, 6, 327, '2022-12-11 21:17:23', 8188, 1, 0, '2022-12-11 21:17:23'),
	(197, 1, 324, '2022-12-11 21:18:08', 20000003, 1, 0, '2022-12-11 21:18:08'),
	(198, 1, 327, '2022-12-11 21:18:26', 20000004, 1, 0, '2022-12-11 21:18:26'),
	(199, 1, 317, '2022-12-11 21:19:02', 20000005, 1, 0, '2022-12-11 21:19:02'),
	(200, 1, 327, '2022-12-11 21:19:47', 20000007, 1, 0, '2022-12-11 21:19:47'),
	(201, 2, 324, '2022-12-11 21:19:49', 29500000, 1, 0, '2022-12-11 21:19:49'),
	(202, 6, 328, '2022-12-11 21:26:03', 9000, 1, 0, '2022-12-11 21:26:03'),
	(203, 6, 328, '2022-12-11 21:26:18', 9001, 1, 0, '2022-12-11 21:26:18'),
	(204, 6, 324, '2022-12-11 21:26:26', 9002, 1, 0, '2022-12-11 21:26:26'),
	(205, 6, 328, '2022-12-11 21:26:48', 9003, 1, 0, '2022-12-11 21:26:48'),
	(206, 6, 324, '2022-12-11 21:26:58', 9004, 1, 0, '2022-12-11 21:26:58'),
	(207, 6, 324, '2022-12-11 21:27:16', 9005, 1, 0, '2022-12-11 21:27:16'),
	(208, 6, 324, '2022-12-11 21:49:51', 9006, 1, 0, '2022-12-11 21:49:51'),
	(209, 1, 328, '2022-12-11 21:50:04', 20000008, 1, 0, '2022-12-11 21:50:04'),
	(210, 1, 324, '2022-12-11 21:50:43', 20000009, 1, 0, '2022-12-11 21:50:43'),
	(211, 6, 327, '2022-12-11 21:50:44', 9007, 1, 0, '2022-12-11 21:50:44'),
	(212, 6, 317, '2022-12-14 00:12:35', 9008, 1, 0, '2022-12-14 00:12:35'),
	(213, 6, 319, '2022-12-14 00:13:11', 9009, 1, 0, '2022-12-14 00:13:11'),
	(214, 10, 317, '2022-12-14 00:13:30', 72000, 1, 0, '2022-12-14 00:13:30'),
	(215, 10, 319, '2022-12-14 00:13:57', 73000, 1, 0, '2022-12-14 00:13:57'),
	(216, 10, 317, '2022-12-14 00:14:05', 74000, 1, 0, '2022-12-14 00:14:05'),
	(217, 10, 329, '2022-12-14 11:16:33', 75000, 1, 0, '2022-12-14 11:16:34'),
	(218, 6, 324, '2022-12-15 14:10:05', 9010, 1, 0, '2022-12-15 14:10:06'),
	(219, 6, 324, '2022-12-15 14:12:02', 10000, 1, 0, '2022-12-15 14:12:02'),
	(220, 6, 319, '2022-12-15 14:12:17', 10001, 1, 0, '2022-12-15 14:12:17'),
	(221, 1, 324, '2022-12-15 14:12:49', 21000000, 1, 0, '2022-12-15 14:12:49'),
	(222, 1, 319, '2022-12-15 14:13:01', 22000000, 1, 0, '2022-12-15 14:13:01'),
	(223, 6, 324, '2022-12-15 14:13:36', 10002, 1, 0, '2022-12-15 14:13:36'),
	(224, 11, 319, '2022-12-15 14:26:22', 6000, 1, 0, '2022-12-15 14:26:22'),
	(225, 6, 319, '2022-12-15 17:38:44', 10003, 0, 0, '2022-12-15 17:38:44'),
	(226, 6, 319, '2022-12-15 17:39:00', 10004, 0, 0, '2022-12-15 17:39:00'),
	(227, 6, 319, '2022-12-15 17:39:18', 10005, 0, 0, '2022-12-15 17:39:18'),
	(228, 6, 319, '2022-12-15 17:40:11', 10006, 0, 0, '2022-12-15 17:40:11'),
	(229, 6, 319, '2022-12-15 17:40:37', 10007, 0, 0, '2022-12-15 17:40:37'),
	(230, 6, 319, '2022-12-15 17:40:43', 10008, 0, 0, '2022-12-15 17:40:43'),
	(231, 6, 319, '2022-12-15 17:42:57', 10009, 0, 0, '2022-12-15 17:42:57'),
	(232, 6, 319, '2022-12-15 17:43:05', 10010, 0, 0, '2022-12-15 17:43:05'),
	(233, 6, 319, '2022-12-15 17:43:42', 10011, 0, 0, '2022-12-15 17:43:43'),
	(234, 6, 324, '2022-12-15 17:45:04', 10012, 0, 0, '2022-12-15 17:45:05'),
	(235, 6, 319, '2022-12-15 17:45:17', 10013, 0, 0, '2022-12-15 17:45:17'),
	(236, 6, 324, '2022-12-15 17:47:40', 11000, 0, 0, '2022-12-15 17:47:40'),
	(237, 6, 324, '2022-12-15 17:48:10', 12000, 0, 0, '2022-12-15 17:48:10'),
	(238, 6, 324, '2022-12-15 17:49:09', 13000, 0, 0, '2022-12-15 17:49:09'),
	(239, 6, 324, '2022-12-15 17:51:16', 13001, 0, 0, '2022-12-15 17:51:16'),
	(240, 6, 324, '2022-12-15 17:53:56', 13002, 0, 0, '2022-12-15 17:53:57'),
	(241, 6, 319, '2022-12-15 17:55:34', 13003, 0, 0, '2022-12-15 17:55:34'),
	(242, 13, 324, '2022-12-15 17:59:52', 5001, 0, 0, '2022-12-15 17:59:52'),
	(243, 13, 324, '2022-12-15 18:00:22', 5002, 0, 0, '2022-12-15 18:00:22'),
	(244, 13, 324, '2022-12-15 18:00:49', 5003, 0, 0, '2022-12-15 18:00:49'),
	(245, 13, 324, '2022-12-15 18:01:15', 5004, 0, 0, '2022-12-15 18:01:15'),
	(246, 13, 324, '2022-12-15 18:01:36', 5005, 0, 0, '2022-12-15 18:01:36'),
	(247, 13, 324, '2022-12-15 18:01:49', 5006, 0, 0, '2022-12-15 18:01:49'),
	(248, 13, 317, '2022-12-15 18:02:46', 5007, 0, 0, '2022-12-15 18:02:46'),
	(249, 13, 324, '2022-12-15 18:02:48', 5008, 0, 0, '2022-12-15 18:02:48'),
	(250, 13, 319, '2022-12-15 18:06:11', 5009, 0, 0, '2022-12-15 18:06:11'),
	(251, 13, 324, '2022-12-15 18:07:03', 5010, 0, 0, '2022-12-15 18:07:03'),
	(252, 13, 317, '2022-12-15 18:07:30', 5011, 0, 0, '2022-12-15 18:07:30'),
	(253, 6, 330, '2022-12-15 18:28:21', 14000, 0, 0, '2022-12-15 18:28:21'),
	(254, 6, 330, '2022-12-15 18:29:55', 15000, 0, 0, '2022-12-15 18:29:55'),
	(255, 6, 330, '2022-12-15 18:30:20', 15001, 0, 0, '2022-12-15 18:30:20'),
	(256, 6, 330, '2022-12-15 18:32:04', 15002, 0, 0, '2022-12-15 18:32:04'),
	(257, 6, 330, '2022-12-15 18:32:51', 15003, 0, 0, '2022-12-15 18:32:51'),
	(258, 6, 330, '2022-12-15 18:33:27', 15004, 0, 0, '2022-12-15 18:33:27'),
	(259, 6, 330, '2022-12-15 18:33:41', 15005, 0, 0, '2022-12-15 18:33:41'),
	(260, 6, 330, '2022-12-15 18:34:02', 15006, 0, 0, '2022-12-15 18:34:02'),
	(261, 6, 317, '2022-12-15 18:34:18', 15007, 0, 0, '2022-12-15 18:34:18'),
	(262, 6, 317, '2022-12-15 18:35:11', 15008, 0, 0, '2022-12-15 18:35:11'),
	(263, 6, 317, '2022-12-15 18:36:44', 15009, 0, 0, '2022-12-15 18:36:44'),
	(264, 6, 317, '2022-12-15 18:36:59', 15010, 0, 0, '2022-12-15 18:37:00'),
	(265, 6, 317, '2022-12-15 18:37:15', 15011, 0, 0, '2022-12-15 18:37:15'),
	(266, 6, 317, '2022-12-15 18:44:24', 15012, 0, 0, '2022-12-15 18:44:24'),
	(267, 6, 330, '2022-12-15 18:45:04', 15013, 0, 0, '2022-12-15 18:45:04'),
	(268, 6, 330, '2022-12-15 18:51:39', 15014, 0, 0, '2022-12-15 18:51:39'),
	(269, 6, 319, '2022-12-16 17:23:01', 16000, 0, 0, '2022-12-16 17:23:01'),
	(270, 6, 317, '2022-12-16 17:23:10', 17000, 0, 0, '2022-12-16 17:23:10'),
	(271, 6, 324, '2022-12-16 20:16:55', 18000, 0, 0, '2022-12-16 20:16:55'),
	(272, 6, 324, '2022-12-16 20:17:04', 19000, 0, 0, '2022-12-16 20:17:04'),
	(273, 15, 324, '2022-12-16 22:24:48', 6000, 1, 0, '2022-12-16 22:24:48'),
	(274, 17, 324, '2022-12-16 22:34:02', 5001, 0, 0, '2022-12-16 22:34:02'),
	(275, 21, 324, '2022-12-16 22:46:17', 6000, 0, 0, '2022-12-16 22:46:17'),
	(276, 22, 319, '2022-12-16 22:47:30', 6000, 1, 0, '2022-12-16 22:47:30'),
	(277, 24, 324, '2022-12-17 00:47:26', 499001, 0, 0, '2022-12-17 00:47:26'),
	(278, 6, 319, '2022-12-17 08:43:03', 19001, 0, 0, '2022-12-17 08:43:03'),
	(279, 6, 319, '2022-12-17 08:43:23', 19002, 0, 0, '2022-12-17 08:43:23'),
	(280, 6, 324, '2022-12-17 08:43:57', 19003, 0, 0, '2022-12-17 08:43:57'),
	(281, 6, 324, '2022-12-17 08:44:32', 19004, 0, 0, '2022-12-17 08:44:32'),
	(282, 6, 319, '2022-12-17 08:46:49', 20000, 0, 0, '2022-12-17 08:46:49'),
	(283, 25, 324, '2022-12-17 08:54:33', 51000, 1, 0, '2022-12-17 08:54:33'),
	(284, 10, 327, '2023-01-06 23:15:40', 76000, 0, 0, '2023-01-06 23:15:40'),
	(285, 26, 317, '2023-02-19 08:58:55', 51000, 0, 0, '2023-02-19 08:58:55'),
	(286, 26, 317, '2023-02-19 08:59:07', 52000, 0, 0, '2023-02-19 08:59:07'),
	(287, 26, 317, '2023-02-19 08:59:17', 53000, 0, 0, '2023-02-19 08:59:17'),
	(288, 26, 317, '2023-02-19 08:59:23', 54000, 0, 0, '2023-02-19 08:59:23'),
	(289, 26, 317, '2023-02-19 08:59:28', 55000, 0, 0, '2023-02-19 08:59:28'),
	(290, 26, 317, '2023-02-19 08:59:34', 56000, 0, 0, '2023-02-19 08:59:34'),
	(291, 26, 317, '2023-02-19 08:59:38', 57000, 0, 0, '2023-02-19 08:59:38'),
	(292, 26, 317, '2023-02-19 08:59:44', 58000, 0, 0, '2023-02-19 08:59:45'),
	(293, 26, 317, '2023-02-19 08:59:50', 59000, 0, 0, '2023-02-19 08:59:50'),
	(294, 26, 317, '2023-02-19 08:59:56', 60000, 0, 0, '2023-02-19 08:59:56'),
	(295, 26, 317, '2023-02-19 09:00:02', 61000, 0, 0, '2023-02-19 09:00:02'),
	(296, 27, 317, '2023-02-19 09:03:18', 1100000, 1, 0, '2023-02-19 09:03:18'),
	(297, 26, 324, '2023-02-23 21:45:30', 62000, 0, 0, '2023-02-23 21:45:30'),
	(298, 26, 327, '2023-02-23 21:56:32', 63000, 0, 0, '2023-02-23 21:56:32'),
	(299, 26, 328, '2023-02-23 21:58:58', 64000, 0, 0, '2023-02-23 21:58:58'),
	(300, 26, 328, '2023-02-23 21:59:06', 65000, 0, 0, '2023-02-23 21:59:06'),
	(301, 26, 328, '2023-02-23 22:00:34', 66000, 0, 0, '2023-02-23 22:00:35'),
	(302, 26, 328, '2023-02-23 22:00:51', 67000, 0, 0, '2023-02-23 22:00:51'),
	(303, 26, 328, '2023-02-23 22:01:05', 68000, 0, 0, '2023-02-23 22:01:05'),
	(304, 37, 327, '2023-02-23 23:53:12', 6000, 1, 0, '2023-02-23 23:53:12'),
	(305, 37, 327, '2023-02-23 23:53:48', 7000, 1, 0, '2023-02-23 23:53:48'),
	(306, 37, 327, '2023-02-23 23:53:53', 8000, 1, 0, '2023-02-23 23:53:53'),
	(307, 26, 327, '2023-02-24 08:03:04', 69000, 0, 0, '2023-02-24 08:03:04'),
	(308, 29, 319, '2023-02-24 08:03:25', 22000000, 0, 0, '2023-02-24 08:03:25'),
	(309, 26, 327, '2023-02-24 08:03:33', 70000, 0, 0, '2023-02-24 08:03:33'),
	(310, 26, 329, '2023-02-24 08:05:32', 71000, 0, 0, '2023-02-24 08:05:32'),
	(311, 26, 327, '2023-02-24 08:05:56', 72000, 0, 0, '2023-02-24 08:05:56'),
	(312, 38, 319, '2023-02-24 08:35:17', 600000, 0, 0, '2023-02-24 08:35:17'),
	(313, 32, 319, '2023-02-24 09:02:40', 6000, 0, 0, '2023-02-24 09:02:40'),
	(314, 32, 329, '2023-02-24 09:03:03', 7000, 0, 0, '2023-02-24 09:03:03'),
	(315, 31, 323, '2023-03-24 08:33:41', 9999999, 0, 0, '2023-03-24 08:33:42'),
	(316, 31, 319, '2023-03-24 08:34:10', 99999999, 0, 0, '2023-03-24 08:34:10'),
	(317, 31, 323, '2023-03-24 08:34:39', 100000000, 0, 0, '2023-03-24 08:34:39'),
	(318, 39, 319, '2023-03-24 08:41:29', 123456, 1, 0, '2023-03-24 08:41:29'),
	(319, 42, 327, '2023-06-08 20:40:21', 50000000, 0, 0, '2023-06-08 20:40:22'),
	(320, 42, 327, '2023-06-10 09:17:01', 51000000, 0, 0, '2023-06-10 09:17:02'),
	(321, 43, 327, '2023-06-10 09:17:18', 51000, 0, 0, '2023-06-10 09:17:18'),
	(322, 43, 327, '2023-06-10 09:18:05', 52000, 0, 0, '2023-06-10 09:18:05'),
	(323, 43, 327, '2023-06-10 09:19:17', 53000, 0, 0, '2023-06-10 09:19:18'),
	(324, 43, 327, '2023-06-10 09:19:29', 54000, 0, 0, '2023-06-10 09:19:29'),
	(325, 43, 327, '2023-06-10 09:19:37', 55000, 0, 0, '2023-06-10 09:19:37'),
	(326, 43, 327, '2023-06-10 09:20:00', 56000, 0, 0, '2023-06-10 09:20:00'),
	(327, 43, 327, '2023-06-10 09:20:27', 57000, 0, 0, '2023-06-10 09:20:27'),
	(328, 43, 327, '2023-06-10 09:21:19', 58000, 0, 0, '2023-06-10 09:21:19'),
	(329, 43, 327, '2023-06-10 09:23:10', 59000, 0, 0, '2023-06-10 09:23:10'),
	(330, 43, 327, '2023-06-10 09:23:22', 60000, 0, 0, '2023-06-10 09:23:22'),
	(331, 43, 327, '2023-06-10 10:29:24', 61000, 0, 0, '2023-06-10 10:29:24'),
	(332, 42, 327, '2023-06-10 10:29:50', 52000000, 0, 0, '2023-06-10 10:29:50'),
	(333, 41, 327, '2023-06-10 10:31:12', 5003, 0, 0, '2023-06-10 10:31:12'),
	(334, 41, 327, '2023-06-10 10:31:20', 5004, 0, 0, '2023-06-10 10:31:20'),
	(335, 41, 327, '2023-06-10 10:31:31', 5005, 0, 0, '2023-06-10 10:31:31'),
	(336, 44, 327, '2023-06-10 15:44:05', 6000, 0, 0, '2023-06-10 15:44:05'),
	(337, 44, 327, '2023-06-10 15:44:15', 6001, 0, 0, '2023-06-10 15:44:15');

-- Dumping structure for table auction.auction_key_word
CREATE TABLE IF NOT EXISTS `auction_key_word` (
  `id` int NOT NULL AUTO_INCREMENT,
  `key` varchar(50) NOT NULL DEFAULT '0',
  PRIMARY KEY (`id`)
) ENGINE=InnoDB DEFAULT CHARSET=utf8mb4 COLLATE=utf8mb4_0900_ai_ci;

-- Dumping data for table auction.auction_key_word: ~0 rows (approximately)

-- Dumping structure for table auction.auction_status
CREATE TABLE IF NOT EXISTS `auction_status` (
  `id` int NOT NULL AUTO_INCREMENT,
  `name` varchar(100) NOT NULL DEFAULT '0',
  PRIMARY KEY (`id`)
) ENGINE=InnoDB AUTO_INCREMENT=10 DEFAULT CHARSET=utf8mb4 COLLATE=utf8mb4_0900_ai_ci;

-- Dumping data for table auction.auction_status: ~9 rows (approximately)
INSERT INTO `auction_status` (`id`, `name`) VALUES
	(0, 'Chờ xét duyệt'),
	(1, 'Sắp đấu giá'),
	(2, 'Đang đấu giá'),
	(3, 'Chờ người bán xác nhận'),
	(4, 'Chờ người đấu xác nhận'),
	(5, 'Thành công'),
	(6, 'Không ai mua'),
	(7, 'Người bán hủy đơn hàng'),
	(8, 'Người mua hủy đơn hàng');

-- Dumping structure for table auction.auction_time
CREATE TABLE IF NOT EXISTS `auction_time` (
  `id` int NOT NULL AUTO_INCREMENT,
  `title` varchar(100) CHARACTER SET utf8mb4 COLLATE utf8mb4_0900_ai_ci NOT NULL DEFAULT '1 Ngày',
  `time` int NOT NULL,
  `time_full` time NOT NULL DEFAULT '24:00:00',
  PRIMARY KEY (`id`)
) ENGINE=InnoDB AUTO_INCREMENT=21 DEFAULT CHARSET=utf8mb4 COLLATE=utf8mb4_0900_ai_ci;

-- Dumping data for table auction.auction_time: ~20 rows (approximately)
INSERT INTO `auction_time` (`id`, `title`, `time`, `time_full`) VALUES
	(1, '1 Phút', 1, '00:01:00'),
	(2, '3 Phút', 3, '00:03:00'),
	(3, '5 Phút', 5, '00:05:00'),
	(4, '10 Phút', 10, '00:10:00'),
	(5, '15 Phút', 15, '00:15:00'),
	(6, '20 Phút', 20, '00:20:00'),
	(7, '30 Phút', 30, '00:30:00'),
	(8, '1 Giờ', 60, '01:00:00'),
	(9, '2 Giờ', 120, '02:00:00'),
	(10, '3 Giờ', 180, '03:00:00'),
	(11, '6 Giờ', 360, '06:00:00'),
	(12, '12 Giờ', 720, '12:00:00'),
	(13, '1 Ngày', 1440, '24:00:00'),
	(14, '2 Ngày', 2880, '48:00:00'),
	(15, '3 Ngày', 4320, '72:00:00'),
	(16, '5 Ngày', 7200, '120:00:00'),
	(17, '7 Ngày', 10080, '168:00:00'),
	(18, '10 Ngày', 14400, '240:00:00'),
	(19, '15 Ngày', 21600, '360:00:00'),
	(20, '1 Tháng', 43200, '720:00:00');

-- Dumping structure for table auction.chat
CREATE TABLE IF NOT EXISTS `chat` (
  `id` int NOT NULL AUTO_INCREMENT,
  `user1` int unsigned NOT NULL,
  `user2` int unsigned NOT NULL,
  `last_msg` text CHARACTER SET utf8mb4 COLLATE utf8mb4_0900_ai_ci NOT NULL,
  `last_message_by` text NOT NULL,
  `is_read` tinyint NOT NULL DEFAULT '0',
  `created_at` datetime NOT NULL DEFAULT CURRENT_TIMESTAMP,
  `updated_at` datetime NOT NULL DEFAULT CURRENT_TIMESTAMP ON UPDATE CURRENT_TIMESTAMP,
  PRIMARY KEY (`id`),
  KEY `FK_chat_user` (`user1`),
  CONSTRAINT `FK_chat_user` FOREIGN KEY (`user1`) REFERENCES `user` (`id`)
) ENGINE=InnoDB AUTO_INCREMENT=23 DEFAULT CHARSET=utf8mb4 COLLATE=utf8mb4_0900_ai_ci;

-- Dumping data for table auction.chat: ~4 rows (approximately)
INSERT INTO `chat` (`id`, `user1`, `user2`, `last_msg`, `last_message_by`, `is_read`, `created_at`, `updated_at`) VALUES
	(6, 319, 0, 'gi do', '319', 1, '2023-05-26 22:31:11', '2023-05-28 16:06:53'),
	(8, 327, 0, ',m,m,m,m', '327', 0, '2023-05-27 10:23:35', '2023-06-13 08:17:56'),
	(15, 328, 0, 'gi k', '328', 1, '2023-05-27 15:23:49', '2023-05-28 10:32:27'),
	(16, 332, 0, 'rth', '332', 1, '2023-05-28 15:47:01', '2023-05-28 16:06:54');

-- Dumping structure for table auction.chat_history
CREATE TABLE IF NOT EXISTS `chat_history` (
  `id` int NOT NULL AUTO_INCREMENT,
  `chat_id` int NOT NULL DEFAULT '0',
  `user_id` int unsigned NOT NULL,
  `is_admin` tinyint NOT NULL DEFAULT '0',
  `content` text,
  `created_at` datetime NOT NULL DEFAULT CURRENT_TIMESTAMP,
  `updated_at` datetime NOT NULL DEFAULT CURRENT_TIMESTAMP ON UPDATE CURRENT_TIMESTAMP,
  `deleted_at` datetime DEFAULT NULL,
  PRIMARY KEY (`id`),
  KEY `FK_chat_history_chat` (`chat_id`),
  KEY `FK_chat_history_user` (`user_id`),
  CONSTRAINT `FK_chat_history_chat` FOREIGN KEY (`chat_id`) REFERENCES `chat` (`id`),
  CONSTRAINT `FK_chat_history_user` FOREIGN KEY (`user_id`) REFERENCES `user` (`id`)
) ENGINE=InnoDB AUTO_INCREMENT=420 DEFAULT CHARSET=utf8mb4 COLLATE=utf8mb4_0900_ai_ci;

-- Dumping data for table auction.chat_history: ~299 rows (approximately)
INSERT INTO `chat_history` (`id`, `chat_id`, `user_id`, `is_admin`, `content`, `created_at`, `updated_at`, `deleted_at`) VALUES
	(1, 6, 319, 0, 'hello', '2023-05-26 22:31:11', '2023-05-26 22:31:11', NULL),
	(2, 6, 319, 0, 'ewger', '2023-05-26 22:53:00', '2023-05-26 23:04:05', NULL),
	(3, 6, 319, 0, 'Hi kien', '2023-05-26 22:57:08', '2023-05-26 23:04:06', NULL),
	(4, 6, 319, 0, 'alo', '2023-05-26 22:58:05', '2023-05-26 22:58:05', NULL),
	(5, 6, 319, 0, 'check', '2023-05-26 22:59:47', '2023-05-26 22:59:47', NULL),
	(6, 6, 319, 0, 'kelfew', '2023-05-26 22:59:49', '2023-05-26 22:59:49', NULL),
	(7, 6, 319, 0, 'hi', '2023-05-26 23:00:06', '2023-05-26 23:00:06', NULL),
	(8, 6, 319, 0, 'ki', '2023-05-26 23:01:05', '2023-05-26 23:01:05', NULL),
	(9, 6, 319, 0, 'wefwe', '2023-05-26 23:01:08', '2023-05-26 23:01:08', NULL),
	(10, 6, 319, 0, 'wefw', '2023-05-26 23:01:09', '2023-05-26 23:01:09', NULL),
	(11, 6, 319, 0, 'wef', '2023-05-26 23:02:17', '2023-05-26 23:02:17', NULL),
	(12, 6, 319, 0, 'wef', '2023-05-26 23:02:18', '2023-05-26 23:02:18', NULL),
	(13, 6, 319, 0, 'wef', '2023-05-26 23:02:18', '2023-05-26 23:02:18', NULL),
	(14, 6, 319, 0, 'wef', '2023-05-26 23:02:18', '2023-05-26 23:02:18', NULL),
	(15, 6, 319, 0, 'wfwe', '2023-05-26 23:02:19', '2023-05-26 23:02:19', NULL),
	(16, 6, 319, 0, 'f', '2023-05-26 23:02:19', '2023-05-26 23:02:19', NULL),
	(17, 6, 319, 0, 'wef', '2023-05-26 23:02:19', '2023-05-26 23:02:19', NULL),
	(18, 6, 319, 0, 'wefew', '2023-05-26 23:02:24', '2023-05-26 23:02:24', NULL),
	(19, 6, 319, 0, 'erhgewirguhierughewriughewriughewriguerherw', '2023-05-26 23:02:35', '2023-05-26 23:02:35', NULL),
	(20, 6, 319, 0, 'gretfytewfrtyytre trung kien ngayf xuwa cos mon con meo', '2023-05-26 23:03:49', '2023-05-26 23:03:49', NULL),
	(21, 6, 319, 0, 'abc', '2023-05-26 23:10:09', '2023-05-26 23:10:09', NULL),
	(22, 6, 319, 0, 'clear', '2023-05-26 23:10:11', '2023-05-26 23:10:11', NULL),
	(23, 6, 319, 0, 'ưiefwefij', '2023-05-26 23:10:12', '2023-05-26 23:10:12', NULL),
	(24, 6, 319, 0, 'Hi', '2023-05-26 23:21:02', '2023-05-26 23:21:02', NULL),
	(25, 6, 319, 0, 'ALo', '2023-05-26 23:21:04', '2023-05-26 23:21:04', NULL),
	(26, 6, 319, 0, 'abc', '2023-05-26 23:40:20', '2023-05-26 23:40:20', NULL),
	(28, 6, 0, 0, 'anc', '2023-05-26 23:47:45', '2023-05-26 23:47:45', NULL),
	(29, 6, 0, 0, 'dfb', '2023-05-26 23:48:03', '2023-05-26 23:48:03', NULL),
	(30, 6, 0, 0, 'brtbrt', '2023-05-26 23:48:31', '2023-05-26 23:48:31', NULL),
	(31, 6, 319, 0, 'kien', '2023-05-26 23:49:50', '2023-05-26 23:49:50', NULL),
	(32, 6, 319, 0, 'sđsvds', '2023-05-26 23:51:42', '2023-05-26 23:51:42', NULL),
	(33, 6, 319, 1, 'anh yêu em', '2023-05-26 23:52:41', '2023-05-26 23:52:41', NULL),
	(34, 6, 319, 1, 'ẻv', '2023-05-26 23:52:42', '2023-05-26 23:52:42', NULL),
	(35, 6, 319, 0, 'ki', '2023-05-26 23:53:29', '2023-05-26 23:53:29', NULL),
	(36, 8, 327, 0, 'Hi', '2023-05-27 10:23:35', '2023-05-27 10:23:35', NULL),
	(37, 8, 327, 0, 'alo', '2023-05-27 10:26:48', '2023-05-27 10:26:48', NULL),
	(38, 8, 327, 0, 'k', '2023-05-27 10:27:51', '2023-05-27 10:27:51', NULL),
	(39, 8, 327, 0, 'rgerger', '2023-05-27 11:01:36', '2023-05-27 11:01:36', NULL),
	(40, 8, 327, 0, 'hihihih', '2023-05-27 11:01:57', '2023-05-27 11:01:57', NULL),
	(41, 8, 327, 0, 'svgre', '2023-05-27 11:02:33', '2023-05-27 11:02:33', NULL),
	(42, 8, 327, 0, 'ergre', '2023-05-27 11:02:33', '2023-05-27 11:02:33', NULL),
	(43, 8, 327, 0, 'hi', '2023-05-27 11:10:15', '2023-05-27 11:10:15', NULL),
	(44, 8, 327, 0, 'alo', '2023-05-27 11:10:20', '2023-05-27 11:10:20', NULL),
	(45, 8, 327, 1, 'kien', '2023-05-27 11:11:44', '2023-05-27 11:11:44', NULL),
	(46, 8, 327, 0, 'hi', '2023-05-27 11:11:54', '2023-05-27 11:11:54', NULL),
	(47, 8, 327, 0, 'lo', '2023-05-27 11:12:54', '2023-05-27 11:12:54', NULL),
	(48, 8, 327, 0, 'lo', '2023-05-27 11:13:17', '2023-05-27 11:13:17', NULL),
	(49, 8, 327, 0, 'alo', '2023-05-27 11:13:25', '2023-05-27 11:13:25', NULL),
	(50, 8, 327, 0, 'loji', '2023-05-27 11:13:58', '2023-05-27 11:13:58', NULL),
	(51, 8, 327, 0, 'kikiki', '2023-05-27 11:14:08', '2023-05-27 11:14:08', NULL),
	(52, 8, 327, 0, 'rerger', '2023-05-27 11:14:12', '2023-05-27 11:14:12', NULL),
	(53, 8, 327, 0, 'erger', '2023-05-27 11:14:13', '2023-05-27 11:14:13', NULL),
	(54, 8, 327, 0, 'erg', '2023-05-27 11:14:14', '2023-05-27 11:14:14', NULL),
	(55, 8, 327, 0, 'ge', '2023-05-27 11:14:14', '2023-05-27 11:14:14', NULL),
	(56, 8, 327, 0, 'Hi kien', '2023-05-27 11:14:46', '2023-05-27 11:14:46', NULL),
	(57, 8, 327, 0, 'anh kien oi', '2023-05-27 11:14:50', '2023-05-27 11:14:50', NULL),
	(58, 8, 327, 0, 'alo em oi', '2023-05-27 11:14:54', '2023-05-27 11:14:54', NULL),
	(59, 8, 327, 0, 'wiuef', '2023-05-27 11:14:55', '2023-05-27 11:14:55', NULL),
	(60, 8, 327, 0, 'his his his', '2023-05-27 11:15:04', '2023-05-27 11:15:04', NULL),
	(61, 8, 327, 1, 'ewfwe', '2023-05-27 11:15:06', '2023-05-27 11:15:06', NULL),
	(62, 8, 327, 1, 'hihi', '2023-05-27 11:16:48', '2023-05-27 11:16:48', NULL),
	(63, 8, 327, 1, 'alo', '2023-05-27 11:17:20', '2023-05-27 11:17:20', NULL),
	(64, 8, 327, 1, 'kien', '2023-05-27 11:17:23', '2023-05-27 11:17:23', NULL),
	(65, 8, 327, 1, 'abc', '2023-05-27 11:17:43', '2023-05-27 11:17:43', NULL),
	(66, 8, 327, 1, 'abc', '2023-05-27 11:18:18', '2023-05-27 11:18:18', NULL),
	(67, 8, 327, 1, 'kkk', '2023-05-27 11:19:11', '2023-05-27 11:19:11', NULL),
	(68, 8, 327, 1, 'wefew', '2023-05-27 11:19:37', '2023-05-27 11:19:37', NULL),
	(69, 8, 327, 1, 'abc', '2023-05-27 11:20:01', '2023-05-27 11:20:01', NULL),
	(70, 8, 327, 1, 'his his', '2023-05-27 11:20:48', '2023-05-27 11:20:48', NULL),
	(71, 8, 327, 1, ';o', '2023-05-27 11:21:08', '2023-05-27 11:21:08', NULL),
	(72, 8, 327, 1, 'erer', '2023-05-27 11:21:09', '2023-05-27 11:21:09', NULL),
	(73, 8, 327, 0, 'rg', '2023-05-27 11:21:11', '2023-05-27 11:21:11', NULL),
	(74, 8, 327, 1, '1', '2023-05-27 11:21:14', '2023-05-27 11:21:14', NULL),
	(75, 8, 327, 0, '2', '2023-05-27 11:21:16', '2023-05-27 11:21:16', NULL),
	(76, 8, 327, 1, '3', '2023-05-27 11:21:18', '2023-05-27 11:21:18', NULL),
	(77, 8, 327, 1, '4', '2023-05-27 11:21:25', '2023-05-27 11:21:25', NULL),
	(78, 8, 327, 0, '5', '2023-05-27 11:21:27', '2023-05-27 11:21:27', NULL),
	(79, 8, 327, 1, '7', '2023-05-27 11:21:29', '2023-05-27 11:21:29', NULL),
	(80, 8, 327, 0, '8', '2023-05-27 11:21:32', '2023-05-27 11:21:32', NULL),
	(81, 8, 327, 0, 'lo', '2023-05-27 11:22:53', '2023-05-27 11:22:53', NULL),
	(82, 8, 327, 0, 'l', '2023-05-27 11:24:19', '2023-05-27 11:24:19', NULL),
	(83, 8, 327, 0, 'wefwefwe', '2023-05-27 11:24:25', '2023-05-27 11:24:25', NULL),
	(84, 8, 327, 1, 'ef', '2023-05-27 11:25:00', '2023-05-27 11:25:00', NULL),
	(85, 8, 327, 0, 'eerger', '2023-05-27 11:25:13', '2023-05-27 11:25:13', NULL),
	(86, 8, 327, 0, 'abcd', '2023-05-27 11:26:12', '2023-05-27 11:26:12', NULL),
	(87, 8, 327, 1, 'wefewfew', '2023-05-27 11:26:17', '2023-05-27 11:26:17', NULL),
	(88, 8, 327, 1, 'wefwe', '2023-05-27 11:26:18', '2023-05-27 11:26:18', NULL),
	(89, 8, 327, 1, 'wef', '2023-05-27 11:26:19', '2023-05-27 11:26:19', NULL),
	(90, 8, 327, 1, 'wef', '2023-05-27 11:26:19', '2023-05-27 11:26:19', NULL),
	(91, 8, 327, 1, 'wef', '2023-05-27 11:26:20', '2023-05-27 11:26:20', NULL),
	(92, 8, 327, 1, 'wef', '2023-05-27 11:26:20', '2023-05-27 11:26:20', NULL),
	(93, 8, 327, 0, 'wefwe', '2023-05-27 11:26:22', '2023-05-27 11:26:22', NULL),
	(94, 8, 327, 0, 'wef', '2023-05-27 11:26:22', '2023-05-27 11:26:22', NULL),
	(95, 8, 327, 0, 'wef', '2023-05-27 11:26:23', '2023-05-27 11:26:23', NULL),
	(96, 8, 327, 1, 'sdvsdv', '2023-05-27 11:26:53', '2023-05-27 11:26:53', NULL),
	(97, 8, 327, 1, 'sdv', '2023-05-27 11:26:55', '2023-05-27 11:26:55', NULL),
	(98, 8, 327, 1, 'sdv', '2023-05-27 11:26:55', '2023-05-27 11:26:55', NULL),
	(99, 8, 327, 1, 'sdvsd', '2023-05-27 11:26:58', '2023-05-27 11:26:58', NULL),
	(100, 8, 327, 0, 'lo', '2023-05-27 11:27:01', '2023-05-27 11:27:01', NULL),
	(101, 8, 327, 0, 'lo', '2023-05-27 11:27:02', '2023-05-27 11:27:02', NULL),
	(102, 8, 327, 0, 'sdjf', '2023-05-27 11:27:03', '2023-05-27 11:27:03', NULL),
	(103, 8, 327, 0, 'sdkfj', '2023-05-27 11:27:04', '2023-05-27 11:27:04', NULL),
	(104, 8, 327, 0, 'sdfkj', '2023-05-27 11:27:05', '2023-05-27 11:27:05', NULL),
	(105, 8, 327, 0, 'hihi', '2023-05-27 11:27:26', '2023-05-27 11:27:26', NULL),
	(106, 8, 327, 0, '1', '2023-05-27 11:29:34', '2023-05-27 11:29:34', NULL),
	(107, 8, 327, 0, '1', '2023-05-27 11:29:38', '2023-05-27 11:29:38', NULL),
	(108, 8, 327, 1, '2', '2023-05-27 11:29:40', '2023-05-27 11:29:40', NULL),
	(109, 8, 327, 1, '2', '2023-05-27 11:29:41', '2023-05-27 11:29:41', NULL),
	(110, 8, 327, 0, '3', '2023-05-27 11:29:43', '2023-05-27 11:29:43', NULL),
	(111, 8, 327, 0, '3', '2023-05-27 11:29:44', '2023-05-27 11:29:44', NULL),
	(112, 8, 327, 0, '4', '2023-05-27 11:30:04', '2023-05-27 11:30:04', NULL),
	(113, 8, 327, 0, '4', '2023-05-27 11:30:05', '2023-05-27 11:30:05', NULL),
	(114, 8, 327, 0, '5', '2023-05-27 11:30:07', '2023-05-27 11:30:07', NULL),
	(115, 8, 327, 0, '6', '2023-05-27 11:30:07', '2023-05-27 11:30:07', NULL),
	(116, 8, 327, 0, '78', '2023-05-27 11:30:22', '2023-05-27 11:30:22', NULL),
	(117, 8, 327, 0, '8787', '2023-05-27 11:30:23', '2023-05-27 11:30:23', NULL),
	(118, 8, 327, 0, '2', '2023-05-27 11:30:24', '2023-05-27 11:30:24', NULL),
	(119, 8, 327, 0, '3', '2023-05-27 11:30:24', '2023-05-27 11:30:24', NULL),
	(120, 8, 327, 0, '4', '2023-05-27 11:30:42', '2023-05-27 11:30:42', NULL),
	(121, 8, 327, 0, '5', '2023-05-27 11:30:45', '2023-05-27 11:30:45', NULL),
	(122, 8, 327, 0, '6', '2023-05-27 11:30:47', '2023-05-27 11:30:47', NULL),
	(123, 8, 327, 0, '7', '2023-05-27 11:30:53', '2023-05-27 11:30:53', NULL),
	(124, 8, 327, 0, '1', '2023-05-27 11:31:30', '2023-05-27 11:31:30', NULL),
	(125, 8, 327, 0, '2', '2023-05-27 11:31:31', '2023-05-27 11:31:31', NULL),
	(126, 8, 327, 0, '3', '2023-05-27 11:31:32', '2023-05-27 11:31:32', NULL),
	(127, 8, 327, 0, '4', '2023-05-27 11:31:42', '2023-05-27 11:31:42', NULL),
	(128, 8, 327, 0, '6', '2023-05-27 11:31:47', '2023-05-27 11:31:47', NULL),
	(129, 8, 327, 0, '7', '2023-05-27 11:32:12', '2023-05-27 11:32:12', NULL),
	(130, 8, 327, 0, '8', '2023-05-27 11:32:39', '2023-05-27 11:32:39', NULL),
	(131, 8, 327, 0, '9', '2023-05-27 11:32:40', '2023-05-27 11:32:40', NULL),
	(132, 8, 327, 0, '10', '2023-05-27 11:32:41', '2023-05-27 11:32:41', NULL),
	(133, 8, 327, 0, '1', '2023-05-27 11:34:58', '2023-05-27 11:34:58', NULL),
	(134, 8, 327, 0, '2', '2023-05-27 11:35:17', '2023-05-27 11:35:17', NULL),
	(135, 8, 327, 0, '1', '2023-05-27 11:35:26', '2023-05-27 11:35:26', NULL),
	(136, 8, 327, 0, '2', '2023-05-27 11:35:26', '2023-05-27 11:35:26', NULL),
	(137, 8, 327, 0, '3', '2023-05-27 11:35:27', '2023-05-27 11:35:27', NULL),
	(138, 8, 327, 0, '4', '2023-05-27 11:35:27', '2023-05-27 11:35:27', NULL),
	(139, 8, 327, 0, '5', '2023-05-27 11:35:28', '2023-05-27 11:35:28', NULL),
	(140, 8, 327, 0, '6', '2023-05-27 11:35:30', '2023-05-27 11:35:30', NULL),
	(141, 8, 327, 0, '7', '2023-05-27 11:35:31', '2023-05-27 11:35:31', NULL),
	(142, 8, 327, 0, 'abc', '2023-05-27 11:35:44', '2023-05-27 11:35:44', NULL),
	(143, 8, 327, 0, 'def', '2023-05-27 11:35:46', '2023-05-27 11:35:46', NULL),
	(144, 8, 327, 0, ',cs', '2023-05-27 11:35:48', '2023-05-27 11:35:48', NULL),
	(145, 8, 327, 0, 'sdlvk', '2023-05-27 11:35:49', '2023-05-27 11:35:49', NULL),
	(146, 8, 327, 0, 'sdlkv', '2023-05-27 11:35:49', '2023-05-27 11:35:49', NULL),
	(147, 8, 327, 0, 'sdlfkm', '2023-05-27 11:35:50', '2023-05-27 11:35:50', NULL),
	(148, 8, 327, 0, 'wlekfm', '2023-05-27 11:35:51', '2023-05-27 11:35:51', NULL),
	(149, 8, 327, 1, 'alo', '2023-05-27 11:35:54', '2023-05-27 11:35:54', NULL),
	(150, 8, 327, 0, 'gif do em', '2023-05-27 11:35:57', '2023-05-27 11:35:57', NULL),
	(151, 8, 327, 1, 'ha', '2023-05-27 11:36:00', '2023-05-27 11:36:00', NULL),
	(152, 8, 327, 1, 'sdds', '2023-05-27 11:36:05', '2023-05-27 11:36:05', NULL),
	(153, 8, 327, 0, 'hi', '2023-05-27 11:36:44', '2023-05-27 11:36:44', NULL),
	(154, 8, 327, 1, 'alo', '2023-05-27 11:36:47', '2023-05-27 11:36:47', NULL),
	(155, 8, 327, 0, 'kien oi', '2023-05-27 11:37:09', '2023-05-27 11:37:09', NULL),
	(156, 8, 327, 1, 'gi do', '2023-05-27 11:37:12', '2023-05-27 11:37:12', NULL),
	(157, 8, 327, 0, 'ha', '2023-05-27 11:37:14', '2023-05-27 11:37:14', NULL),
	(158, 8, 327, 1, 'efw', '2023-05-27 11:37:17', '2023-05-27 11:37:17', NULL),
	(159, 8, 327, 0, 'lo', '2023-05-27 11:37:23', '2023-05-27 11:37:23', NULL),
	(160, 8, 327, 1, 'f', '2023-05-27 11:37:25', '2023-05-27 11:37:25', NULL),
	(161, 8, 327, 0, 'g', '2023-05-27 11:37:27', '2023-05-27 11:37:27', NULL),
	(162, 8, 327, 1, 'wfewef', '2023-05-27 11:37:29', '2023-05-27 11:37:29', NULL),
	(163, 8, 327, 0, 'qwefwefwe', '2023-05-27 11:37:31', '2023-05-27 11:37:31', NULL),
	(164, 8, 327, 1, 'fqwefweq', '2023-05-27 11:37:33', '2023-05-27 11:37:33', NULL),
	(165, 8, 327, 1, 'f', '2023-05-27 11:37:34', '2023-05-27 11:37:34', NULL),
	(166, 8, 327, 1, 'f', '2023-05-27 11:37:34', '2023-05-27 11:37:34', NULL),
	(167, 8, 327, 1, 'f', '2023-05-27 11:37:34', '2023-05-27 11:37:34', NULL),
	(168, 8, 327, 1, 'f', '2023-05-27 11:37:34', '2023-05-27 11:37:34', NULL),
	(169, 8, 327, 1, 'f', '2023-05-27 11:37:35', '2023-05-27 11:37:35', NULL),
	(170, 8, 327, 1, 'f', '2023-05-27 11:37:35', '2023-05-27 11:37:35', NULL),
	(171, 8, 327, 1, 'f', '2023-05-27 11:37:35', '2023-05-27 11:37:35', NULL),
	(172, 8, 327, 0, 'ger', '2023-05-27 11:37:37', '2023-05-27 11:37:37', NULL),
	(173, 8, 327, 0, 'er', '2023-05-27 11:37:37', '2023-05-27 11:37:37', NULL),
	(174, 8, 327, 0, 'ger', '2023-05-27 11:37:37', '2023-05-27 11:37:37', NULL),
	(175, 8, 327, 0, 'g', '2023-05-27 11:37:37', '2023-05-27 11:37:37', NULL),
	(176, 8, 327, 0, 'reg', '2023-05-27 11:37:38', '2023-05-27 11:37:38', NULL),
	(177, 8, 327, 0, 're', '2023-05-27 11:37:38', '2023-05-27 11:37:38', NULL),
	(178, 8, 327, 0, 'gre', '2023-05-27 11:37:38', '2023-05-27 11:37:38', NULL),
	(179, 8, 327, 0, 'g', '2023-05-27 11:37:38', '2023-05-27 11:37:38', NULL),
	(180, 8, 327, 0, 'er', '2023-05-27 11:37:38', '2023-05-27 11:37:38', NULL),
	(181, 8, 327, 0, 'gre', '2023-05-27 11:37:38', '2023-05-27 11:37:38', NULL),
	(182, 8, 327, 0, 'g', '2023-05-27 11:37:39', '2023-05-27 11:37:39', NULL),
	(183, 8, 327, 0, 'regg', '2023-05-27 11:37:44', '2023-05-27 11:37:44', NULL),
	(184, 8, 327, 0, 'erg', '2023-05-27 11:37:45', '2023-05-27 11:37:45', NULL),
	(185, 8, 327, 0, 'erg', '2023-05-27 11:37:45', '2023-05-27 11:37:45', NULL),
	(186, 8, 327, 1, 'erg', '2023-05-27 11:37:47', '2023-05-27 11:37:47', NULL),
	(187, 8, 327, 1, 'erg', '2023-05-27 11:37:48', '2023-05-27 11:37:48', NULL),
	(188, 8, 327, 1, 'erg', '2023-05-27 11:37:49', '2023-05-27 11:37:49', NULL),
	(189, 8, 327, 1, 'er', '2023-05-27 11:37:49', '2023-05-27 11:37:49', NULL),
	(190, 8, 327, 0, 'g', '2023-05-27 11:37:51', '2023-05-27 11:37:51', NULL),
	(191, 8, 327, 1, 'go', '2023-05-27 11:37:53', '2023-05-27 11:37:53', NULL),
	(192, 8, 327, 0, 'kj', '2023-05-27 11:37:55', '2023-05-27 11:37:55', NULL),
	(193, 8, 327, 1, 'jk', '2023-05-27 11:37:58', '2023-05-27 11:37:58', NULL),
	(307, 15, 328, 0, 'gi k', '2023-05-27 15:23:49', '2023-05-27 15:23:49', NULL),
	(308, 6, 319, 0, 'hi kien', '2023-05-28 10:32:45', '2023-05-28 10:32:45', NULL),
	(309, 6, 319, 0, 'lo', '2023-05-28 11:09:50', '2023-05-28 11:09:50', NULL),
	(310, 6, 319, 0, 'ekrerg', '2023-05-28 11:09:54', '2023-05-28 11:09:54', NULL),
	(311, 6, 319, 0, 'ergk', '2023-05-28 11:09:55', '2023-05-28 11:09:55', NULL),
	(312, 6, 319, 0, 'ergk', '2023-05-28 11:09:57', '2023-05-28 11:09:57', NULL),
	(313, 6, 319, 0, 'erglk', '2023-05-28 11:09:58', '2023-05-28 11:09:58', NULL),
	(314, 6, 319, 0, 'erger', '2023-05-28 11:10:04', '2023-05-28 11:10:04', NULL),
	(315, 6, 319, 0, 'erg', '2023-05-28 11:10:06', '2023-05-28 11:10:06', NULL),
	(316, 6, 319, 0, 'erg', '2023-05-28 11:10:06', '2023-05-28 11:10:06', NULL),
	(317, 16, 332, 0, 'Hi', '2023-05-28 15:47:01', '2023-05-28 15:47:01', NULL),
	(318, 16, 332, 0, 'alo', '2023-05-28 15:47:03', '2023-05-28 15:47:03', NULL),
	(319, 16, 332, 0, 'kwelf', '2023-05-28 15:47:04', '2023-05-28 15:47:04', NULL),
	(320, 16, 332, 0, 'lưekf', '2023-05-28 15:47:05', '2023-05-28 15:47:05', NULL),
	(321, 16, 332, 0, 'lskdv', '2023-05-28 15:47:06', '2023-05-28 15:47:06', NULL),
	(322, 16, 332, 0, 'slkdv', '2023-05-28 15:47:07', '2023-05-28 15:47:07', NULL),
	(323, 16, 332, 0, 'lo', '2023-05-28 15:47:18', '2023-05-28 15:47:18', NULL),
	(324, 16, 332, 0, 'ưelkf', '2023-05-28 15:47:20', '2023-05-28 15:47:20', NULL),
	(325, 16, 332, 0, 'ưelfk', '2023-05-28 15:47:21', '2023-05-28 15:47:21', NULL),
	(326, 16, 332, 0, 'ưelkvf', '2023-05-28 15:47:30', '2023-05-28 15:47:30', NULL),
	(327, 16, 332, 0, 'ằ', '2023-05-28 15:48:19', '2023-05-28 15:48:19', NULL),
	(328, 16, 332, 0, 'kiên', '2023-05-28 15:48:57', '2023-05-28 15:48:57', NULL),
	(329, 16, 332, 0, 'kien', '2023-05-28 15:49:39', '2023-05-28 15:49:39', NULL),
	(330, 16, 332, 0, 'kien', '2023-05-28 15:50:52', '2023-05-28 15:50:52', NULL),
	(331, 16, 332, 0, 'wekf', '2023-05-28 15:50:53', '2023-05-28 15:50:53', NULL),
	(332, 16, 332, 0, 'wlekf', '2023-05-28 15:50:54', '2023-05-28 15:50:54', NULL),
	(333, 16, 332, 0, 'wlekf', '2023-05-28 15:50:54', '2023-05-28 15:50:54', NULL),
	(334, 16, 332, 0, 'sdfkl', '2023-05-28 15:50:57', '2023-05-28 15:50:57', NULL),
	(335, 16, 332, 0, 'sldkf', '2023-05-28 15:50:58', '2023-05-28 15:50:58', NULL),
	(336, 16, 332, 0, 'anh yeu em', '2023-05-28 15:51:04', '2023-05-28 15:51:04', NULL),
	(337, 16, 332, 0, 'con bo', '2023-05-28 15:51:06', '2023-05-28 15:51:06', NULL),
	(338, 16, 332, 0, 'con chos', '2023-05-28 15:51:08', '2023-05-28 15:51:08', NULL),
	(339, 16, 332, 0, 'con lown', '2023-05-28 15:51:09', '2023-05-28 15:51:09', NULL),
	(340, 6, 319, 0, 'hireig', '2023-05-28 15:51:20', '2023-05-28 15:51:20', NULL),
	(341, 6, 319, 0, 'lrthk', '2023-05-28 15:51:21', '2023-05-28 15:51:21', NULL),
	(342, 6, 319, 0, 'a b c', '2023-05-28 15:53:36', '2023-05-28 15:53:36', NULL),
	(343, 6, 319, 0, 'd e gg', '2023-05-28 15:53:37', '2023-05-28 15:53:37', NULL),
	(344, 16, 332, 0, 'con bo', '2023-05-28 15:53:44', '2023-05-28 15:53:44', NULL),
	(345, 16, 332, 0, 'bofo', '2023-05-28 15:53:46', '2023-05-28 15:53:46', NULL),
	(346, 16, 332, 0, 'kjkj', '2023-05-28 15:53:48', '2023-05-28 15:53:48', NULL),
	(347, 16, 332, 0, 'kj', '2023-05-28 15:53:49', '2023-05-28 15:53:49', NULL),
	(348, 16, 332, 0, 'kjk', '2023-05-28 15:53:50', '2023-05-28 15:53:50', NULL),
	(349, 16, 332, 0, 'rr', '2023-05-28 15:53:52', '2023-05-28 15:53:52', NULL),
	(350, 16, 332, 0, 'r', '2023-05-28 15:53:53', '2023-05-28 15:53:53', NULL),
	(351, 16, 332, 0, 'r', '2023-05-28 15:53:53', '2023-05-28 15:53:53', NULL),
	(352, 16, 332, 0, '54', '2023-05-28 15:54:01', '2023-05-28 15:54:01', NULL),
	(353, 16, 332, 0, '4', '2023-05-28 15:54:02', '2023-05-28 15:54:02', NULL),
	(354, 16, 332, 0, '5454', '2023-05-28 15:54:06', '2023-05-28 15:54:06', NULL),
	(355, 16, 332, 0, '65656898', '2023-05-28 15:54:09', '2023-05-28 15:54:09', NULL),
	(356, 6, 319, 1, 'abv', '2023-05-28 15:54:47', '2023-05-28 15:54:47', NULL),
	(357, 6, 319, 1, 'vsdvds', '2023-05-28 15:55:17', '2023-05-28 15:55:17', NULL),
	(358, 6, 319, 1, 'sdv', '2023-05-28 15:55:19', '2023-05-28 15:55:19', NULL),
	(359, 16, 332, 0, 'HI em', '2023-05-28 16:01:51', '2023-05-28 16:01:51', NULL),
	(360, 16, 332, 0, 'kkk', '2023-05-28 16:01:54', '2023-05-28 16:01:54', NULL),
	(361, 16, 332, 0, 'ưefk', '2023-05-28 16:01:56', '2023-05-28 16:01:56', NULL),
	(362, 16, 332, 0, 'ưefk', '2023-05-28 16:01:57', '2023-05-28 16:01:57', NULL),
	(363, 16, 332, 0, 'ưekf', '2023-05-28 16:01:58', '2023-05-28 16:01:58', NULL),
	(364, 16, 332, 0, 'ưefk', '2023-05-28 16:01:59', '2023-05-28 16:01:59', NULL),
	(365, 16, 332, 0, 'f', '2023-05-28 16:02:00', '2023-05-28 16:02:00', NULL),
	(366, 16, 332, 0, 'f', '2023-05-28 16:02:00', '2023-05-28 16:02:00', NULL),
	(367, 16, 332, 0, 'g', '2023-05-28 16:02:01', '2023-05-28 16:02:01', NULL),
	(368, 16, 332, 0, 'k', '2023-05-28 16:02:46', '2023-05-28 16:02:46', NULL),
	(369, 16, 332, 0, 't', '2023-05-28 16:02:47', '2023-05-28 16:02:47', NULL),
	(370, 16, 332, 0, 'h', '2023-05-28 16:02:47', '2023-05-28 16:02:47', NULL),
	(371, 16, 332, 0, 'f', '2023-05-28 16:02:48', '2023-05-28 16:02:48', NULL),
	(372, 16, 332, 0, 'n', '2023-05-28 16:02:49', '2023-05-28 16:02:49', NULL),
	(373, 16, 332, 0, 'b', '2023-05-28 16:02:49', '2023-05-28 16:02:49', NULL),
	(374, 16, 332, 0, 'f', '2023-05-28 16:02:49', '2023-05-28 16:02:49', NULL),
	(375, 16, 332, 0, 'r', '2023-05-28 16:02:49', '2023-05-28 16:02:49', NULL),
	(376, 16, 332, 0, 'g', '2023-05-28 16:02:50', '2023-05-28 16:02:50', NULL),
	(377, 16, 332, 0, 'h', '2023-05-28 16:02:50', '2023-05-28 16:02:50', NULL),
	(378, 16, 332, 0, 'h', '2023-05-28 16:02:50', '2023-05-28 16:02:50', NULL),
	(379, 16, 332, 0, 'jy', '2023-05-28 16:02:51', '2023-05-28 16:02:51', NULL),
	(380, 16, 332, 0, 'hi em', '2023-05-28 16:02:59', '2023-05-28 16:02:59', NULL),
	(381, 6, 319, 0, 'hi chi', '2023-05-28 16:03:13', '2023-05-28 16:03:13', NULL),
	(382, 16, 332, 1, 'gi', '2023-05-28 16:03:25', '2023-05-28 16:03:25', NULL),
	(383, 16, 332, 1, 'ewkf', '2023-05-28 16:03:26', '2023-05-28 16:03:26', NULL),
	(384, 16, 332, 1, 'ưefk', '2023-05-28 16:03:27', '2023-05-28 16:03:27', NULL),
	(385, 16, 332, 1, 'sdvd', '2023-05-28 16:03:33', '2023-05-28 16:03:33', NULL),
	(386, 16, 332, 1, 'vd', '2023-05-28 16:03:33', '2023-05-28 16:03:33', NULL),
	(387, 16, 332, 1, 'nnn', '2023-05-28 16:03:35', '2023-05-28 16:03:35', NULL),
	(388, 16, 332, 1, 'mmm', '2023-05-28 16:03:39', '2023-05-28 16:03:39', NULL),
	(389, 16, 332, 1, 'ttt', '2023-05-28 16:03:39', '2023-05-28 16:03:39', NULL),
	(390, 16, 332, 1, 'h', '2023-05-28 16:03:40', '2023-05-28 16:03:40', NULL),
	(391, 16, 332, 1, 'j', '2023-05-28 16:03:41', '2023-05-28 16:03:41', NULL),
	(392, 16, 332, 1, 't', '2023-05-28 16:03:41', '2023-05-28 16:03:41', NULL),
	(393, 16, 332, 1, 'h', '2023-05-28 16:03:42', '2023-05-28 16:03:42', NULL),
	(394, 16, 332, 1, 'j', '2023-05-28 16:03:44', '2023-05-28 16:03:44', NULL),
	(395, 16, 332, 1, 'n', '2023-05-28 16:03:44', '2023-05-28 16:03:44', NULL),
	(396, 16, 332, 1, 'y', '2023-05-28 16:03:46', '2023-05-28 16:03:46', NULL),
	(397, 16, 332, 1, 't', '2023-05-28 16:03:46', '2023-05-28 16:03:46', NULL),
	(398, 16, 332, 1, 'rth', '2023-05-28 16:03:47', '2023-05-28 16:03:47', NULL),
	(399, 6, 319, 0, 'alo em', '2023-05-28 16:04:50', '2023-05-28 16:04:50', NULL),
	(400, 6, 319, 1, 'gi do', '2023-05-28 16:05:05', '2023-05-28 16:05:05', NULL),
	(407, 8, 327, 0, 'anh', '2023-06-08 20:35:37', '2023-06-08 20:35:37', NULL),
	(408, 8, 327, 1, 'abc', '2023-06-08 20:35:50', '2023-06-08 20:35:50', NULL),
	(409, 8, 327, 0, 'hello', '2023-06-08 20:36:05', '2023-06-08 20:36:05', NULL),
	(410, 8, 327, 0, 'abc', '2023-06-08 20:36:09', '2023-06-08 20:36:09', NULL),
	(411, 8, 327, 0, 'vbvbvbvbv', '2023-06-13 08:17:14', '2023-06-13 08:17:14', NULL),
	(412, 8, 327, 1, 'llll', '2023-06-13 08:17:22', '2023-06-13 08:17:22', NULL),
	(413, 8, 327, 0, 'kkkk', '2023-06-13 08:17:42', '2023-06-13 08:17:42', NULL),
	(414, 8, 327, 1, 'kk', '2023-06-13 08:17:45', '2023-06-13 08:17:45', NULL),
	(415, 8, 327, 1, 'mmm', '2023-06-13 08:17:47', '2023-06-13 08:17:47', NULL),
	(416, 8, 327, 1, ',', '2023-06-13 08:17:48', '2023-06-13 08:17:48', NULL),
	(417, 8, 327, 1, ',kjkkk', '2023-06-13 08:17:50', '2023-06-13 08:17:50', NULL),
	(418, 8, 327, 0, 'mm,m', '2023-06-13 08:17:54', '2023-06-13 08:17:54', NULL),
	(419, 8, 327, 0, ',m,m,m,m', '2023-06-13 08:17:56', '2023-06-13 08:17:56', NULL);

-- Dumping structure for table auction.comment
CREATE TABLE IF NOT EXISTS `comment` (
  `id` int NOT NULL AUTO_INCREMENT,
  `user_id` int unsigned NOT NULL,
  `auction_id` int NOT NULL,
  `title` varchar(1000) NOT NULL DEFAULT '',
  `is_image` tinyint NOT NULL DEFAULT '0',
  `created_at` datetime NOT NULL DEFAULT CURRENT_TIMESTAMP,
  `updated_at` datetime NOT NULL DEFAULT CURRENT_TIMESTAMP ON UPDATE CURRENT_TIMESTAMP,
  `deleted_at` datetime DEFAULT NULL,
  PRIMARY KEY (`id`),
  KEY `FK_comment_user` (`user_id`),
  KEY `FK_comment_auction` (`auction_id`),
  CONSTRAINT `FK_comment_auction` FOREIGN KEY (`auction_id`) REFERENCES `auction` (`id`),
  CONSTRAINT `FK_comment_user` FOREIGN KEY (`user_id`) REFERENCES `user` (`id`)
) ENGINE=InnoDB DEFAULT CHARSET=utf8mb4 COLLATE=utf8mb4_0900_ai_ci;

-- Dumping data for table auction.comment: ~0 rows (approximately)

-- Dumping structure for table auction.image
CREATE TABLE IF NOT EXISTS `image` (
  `id` int NOT NULL AUTO_INCREMENT,
  `url` varchar(2000) CHARACTER SET utf8mb4 COLLATE utf8mb4_0900_ai_ci NOT NULL DEFAULT '',
  `product_id` int NOT NULL,
  `isSuccess` int NOT NULL DEFAULT '0',
  `deleted_at` datetime DEFAULT NULL,
  PRIMARY KEY (`id`),
  KEY `product_id_auction_history` (`product_id`),
  CONSTRAINT `product_id_auction_history` FOREIGN KEY (`product_id`) REFERENCES `product` (`id`)
) ENGINE=InnoDB AUTO_INCREMENT=155 DEFAULT CHARSET=utf8mb4 COLLATE=utf8mb4_0900_ai_ci;

-- Dumping data for table auction.image: ~153 rows (approximately)
INSERT INTO `image` (`id`, `url`, `product_id`, `isSuccess`, `deleted_at`) VALUES
	(1, 'http://res.cloudinary.com/nguyenkien2022001/image/upload/v1669779826/upload/hefa1thql0hgc14sw8tf.jpg', 1, 0, NULL),
	(2, 'http://res.cloudinary.com/nguyenkien2022001/image/upload/v1669779826/upload/zuuywm1s0kxxnhxyycoa.jpg', 1, 0, NULL),
	(3, 'http://res.cloudinary.com/nguyenkien2022001/image/upload/v1669779826/upload/gthmjyplxdempnrcerot.jpg', 1, 0, NULL),
	(4, 'http://res.cloudinary.com/nguyenkien2022001/image/upload/v1669779829/upload/cwowzrjwghm8z7vd54ej.jpg', 1, 0, NULL),
	(5, 'http://res.cloudinary.com/nguyenkien2022001/image/upload/v1669780112/upload/rjrdjxioynzsafqfxgm9.png', 2, 0, NULL),
	(6, 'http://res.cloudinary.com/nguyenkien2022001/image/upload/v1669780112/upload/rusb30lf4sqkzecee5ua.png', 2, 0, NULL),
	(7, 'http://res.cloudinary.com/nguyenkien2022001/image/upload/v1669780112/upload/f8lk8p12awag6tjnwb5h.png', 2, 0, NULL),
	(8, 'http://res.cloudinary.com/nguyenkien2022001/image/upload/v1669780112/upload/fbiehen8ztvysvptmvut.png', 2, 0, NULL),
	(9, 'http://res.cloudinary.com/nguyenkien2022001/image/upload/v1669780187/upload/twcfmabigsvy8yqc1n7j.png', 3, 0, NULL),
	(10, 'http://res.cloudinary.com/nguyenkien2022001/image/upload/v1669780187/upload/nm62f8pgyo1iwlmapiez.png', 3, 0, NULL),
	(11, 'http://res.cloudinary.com/nguyenkien2022001/image/upload/v1669780187/upload/icielcenhauxk6dfeeul.png', 3, 0, NULL),
	(12, 'http://res.cloudinary.com/nguyenkien2022001/image/upload/v1669780188/upload/nozildbtocvrt29xez4x.png', 3, 0, NULL),
	(13, 'http://res.cloudinary.com/nguyenkien2022001/image/upload/v1669780250/upload/mreg6z3amxpt00bkv1go.png', 4, 0, NULL),
	(14, 'http://res.cloudinary.com/nguyenkien2022001/image/upload/v1669780250/upload/nymhue5v79rdjxf8w6ek.png', 4, 0, NULL),
	(15, 'http://res.cloudinary.com/nguyenkien2022001/image/upload/v1669780250/upload/alk02s1bvc7rh4ialqa2.png', 4, 0, NULL),
	(16, 'http://res.cloudinary.com/nguyenkien2022001/image/upload/v1669780251/upload/go3mzx3qerhh0cjvrbka.png', 4, 0, NULL),
	(17, 'http://res.cloudinary.com/nguyenkien2022001/image/upload/v1669780597/upload/yhho1atefk3usqvhy7ih.jpg', 5, 0, NULL),
	(18, 'http://res.cloudinary.com/nguyenkien2022001/image/upload/v1669780598/upload/cyujs1cbhfcadhrvmrch.jpg', 5, 0, NULL),
	(19, 'http://res.cloudinary.com/nguyenkien2022001/image/upload/v1669780598/upload/xp6ktmrhgaq09j80jzsd.jpg', 5, 0, NULL),
	(20, 'http://res.cloudinary.com/nguyenkien2022001/image/upload/v1669780598/upload/crhrk5tllw4ujrsaxokg.jpg', 5, 0, NULL),
	(21, 'http://res.cloudinary.com/nguyenkien2022001/image/upload/v1669796349/upload/oxnfkjqifpvuv6qkfkgv.jpg', 6, 0, NULL),
	(22, 'http://res.cloudinary.com/nguyenkien2022001/image/upload/v1669796349/upload/ycudmrajf6baxs4pppee.jpg', 6, 0, NULL),
	(23, 'http://res.cloudinary.com/nguyenkien2022001/image/upload/v1669796349/upload/cw2ppy2sjvjyresyz39h.jpg', 6, 0, NULL),
	(24, 'http://res.cloudinary.com/nguyenkien2022001/image/upload/v1669796349/upload/xprox3pow7uwg8d7mto1.jpg', 6, 0, NULL),
	(25, 'http://res.cloudinary.com/nguyenkien2022001/image/upload/v1669796990/upload/rgqlvzpr6qnkfqztgyhc.jpg', 7, 0, NULL),
	(26, 'http://res.cloudinary.com/nguyenkien2022001/image/upload/v1669796990/upload/lpx3m8ovyuquelo7y63c.jpg', 7, 0, NULL),
	(27, 'http://res.cloudinary.com/nguyenkien2022001/image/upload/v1669796991/upload/zezyen5etvbqayfpdmsy.jpg', 7, 0, NULL),
	(28, 'http://res.cloudinary.com/nguyenkien2022001/image/upload/v1669796991/upload/dcpguliiixyb5vm4m7yq.jpg', 7, 0, NULL),
	(29, 'http://res.cloudinary.com/nguyenkien2022001/image/upload/v1670743704/upload/bzovcjfmevcaessk3nv2.jpg', 8, 0, NULL),
	(30, 'http://res.cloudinary.com/nguyenkien2022001/image/upload/v1670743705/upload/fz8n3owzfucypkeakbsy.jpg', 8, 0, NULL),
	(31, 'http://res.cloudinary.com/nguyenkien2022001/image/upload/v1670743706/upload/msajiitpmlr8w69rd9ye.jpg', 8, 0, NULL),
	(32, 'http://res.cloudinary.com/nguyenkien2022001/image/upload/v1670743707/upload/a6o8sao3ihtbzwqvtjm3.jpg', 8, 0, NULL),
	(33, 'http://res.cloudinary.com/nguyenkien2022001/image/upload/v1670743707/upload/kswmc4mpjbibldakpzve.jpg', 8, 0, NULL),
	(34, 'http://res.cloudinary.com/nguyenkien2022001/image/upload/v1670743704/upload/bzovcjfmevcaessk3nv2.jpg', 9, 0, NULL),
	(35, 'http://res.cloudinary.com/nguyenkien2022001/image/upload/v1670743705/upload/fz8n3owzfucypkeakbsy.jpg', 9, 0, NULL),
	(36, 'http://res.cloudinary.com/nguyenkien2022001/image/upload/v1670743706/upload/msajiitpmlr8w69rd9ye.jpg', 9, 0, NULL),
	(37, 'http://res.cloudinary.com/nguyenkien2022001/image/upload/v1670743707/upload/a6o8sao3ihtbzwqvtjm3.jpg', 9, 0, NULL),
	(38, 'http://res.cloudinary.com/nguyenkien2022001/image/upload/v1670743707/upload/kswmc4mpjbibldakpzve.jpg', 9, 0, NULL),
	(39, 'http://res.cloudinary.com/nguyenkien2022001/image/upload/v1670743704/upload/bzovcjfmevcaessk3nv2.jpg', 10, 0, NULL),
	(40, 'http://res.cloudinary.com/nguyenkien2022001/image/upload/v1670743705/upload/fz8n3owzfucypkeakbsy.jpg', 10, 0, NULL),
	(41, 'http://res.cloudinary.com/nguyenkien2022001/image/upload/v1670743706/upload/msajiitpmlr8w69rd9ye.jpg', 10, 0, NULL),
	(42, 'http://res.cloudinary.com/nguyenkien2022001/image/upload/v1670743707/upload/a6o8sao3ihtbzwqvtjm3.jpg', 10, 0, NULL),
	(43, 'http://res.cloudinary.com/nguyenkien2022001/image/upload/v1670743707/upload/kswmc4mpjbibldakpzve.jpg', 10, 0, NULL),
	(45, 'http://res.cloudinary.com/nguyenkien2022001/image/upload/v1671089067/upload/vzabjuwh2gaszaf0frqq.jpg', 11, 0, NULL),
	(46, 'http://res.cloudinary.com/nguyenkien2022001/image/upload/v1671089068/upload/afx36uzhbcipmy6h7wea.jpg', 11, 0, NULL),
	(47, 'http://res.cloudinary.com/nguyenkien2022001/image/upload/v1671089068/upload/yhbpkw7mym014upslxl4.jpg', 11, 0, NULL),
	(48, 'http://res.cloudinary.com/nguyenkien2022001/image/upload/v1671089068/upload/ao1vly2g0q07ygpmam8z.jpg', 11, 0, NULL),
	(49, 'http://res.cloudinary.com/nguyenkien2022001/image/upload/v1671100405/upload/ijc5c0b3repetufmfwdj.jpg', 12, 0, NULL),
	(50, 'http://res.cloudinary.com/nguyenkien2022001/image/upload/v1671100405/upload/ltyrjevfdmbh2knlillw.jpg', 12, 0, NULL),
	(51, 'http://res.cloudinary.com/nguyenkien2022001/image/upload/v1671100405/upload/ubdqschpy03jbngj4ugr.jpg', 12, 0, NULL),
	(52, 'http://res.cloudinary.com/nguyenkien2022001/image/upload/v1671100405/upload/kmariuui5y0lwmgpomxt.jpg', 12, 0, NULL),
	(53, 'http://res.cloudinary.com/nguyenkien2022001/image/upload/v1671100405/upload/ehjmxsuz6qd9lgvqytz8.jpg', 12, 0, NULL),
	(54, 'http://res.cloudinary.com/nguyenkien2022001/image/upload/v1671101868/upload/kxczyal3q0luerlly2u2.jpg', 13, 0, NULL),
	(55, 'http://res.cloudinary.com/nguyenkien2022001/image/upload/v1671101868/upload/kuibvrbadhjxeemxxkuv.jpg', 13, 0, NULL),
	(56, 'http://res.cloudinary.com/nguyenkien2022001/image/upload/v1671123677/upload/izzkjxctcju8udlle0xx.jpg', 14, 0, NULL),
	(57, 'http://res.cloudinary.com/nguyenkien2022001/image/upload/v1671123677/upload/wgwoodq9it78ey904ons.jpg', 14, 0, NULL),
	(58, 'http://res.cloudinary.com/nguyenkien2022001/image/upload/v1671123678/upload/lxbxcsz99ofivcoczfub.jpg', 14, 0, NULL),
	(59, 'http://res.cloudinary.com/nguyenkien2022001/image/upload/v1671204112/upload/rmkxu0ccfgewv2hl2lps.jpg', 15, 0, NULL),
	(60, 'http://res.cloudinary.com/nguyenkien2022001/image/upload/v1671204113/upload/czbhpihdgjcaarmij5pc.jpg', 15, 0, NULL),
	(61, 'http://res.cloudinary.com/nguyenkien2022001/image/upload/v1671204113/upload/jla12uzrszvaiud1vezk.gif', 15, 0, NULL),
	(62, 'http://res.cloudinary.com/nguyenkien2022001/image/upload/v1671204115/upload/f4gynhpyh87vykonj8oh.jpg', 15, 0, NULL),
	(63, 'http://res.cloudinary.com/nguyenkien2022001/image/upload/v1671204236/upload/mqibvtecimyaa3juhjsw.jpg', 16, 0, NULL),
	(64, 'http://res.cloudinary.com/nguyenkien2022001/image/upload/v1671204236/upload/uwhzv8lhebenullepo5h.jpg', 16, 0, NULL),
	(65, 'http://res.cloudinary.com/nguyenkien2022001/image/upload/v1671204237/upload/prlqnr5q7gqnmfx6txhs.jpg', 16, 0, NULL),
	(66, 'http://res.cloudinary.com/nguyenkien2022001/image/upload/v1671204236/upload/ke0qwhxadqf0jeofxaoi.jpg', 16, 0, NULL),
	(67, 'http://res.cloudinary.com/nguyenkien2022001/image/upload/v1671204623/upload/ebdm9mpsprtgzpfaznbx.png', 17, 0, NULL),
	(68, 'http://res.cloudinary.com/nguyenkien2022001/image/upload/v1671204723/upload/ypn9lodbyazsxryfllth.jpg', 18, 0, NULL),
	(69, 'http://res.cloudinary.com/nguyenkien2022001/image/upload/v1671204724/upload/tv0vliaxa5xuyjeho3io.jpg', 18, 0, NULL),
	(70, 'http://res.cloudinary.com/nguyenkien2022001/image/upload/v1671204724/upload/fwzkltil9eu1ilyyf68c.jpg', 18, 0, NULL),
	(71, 'http://res.cloudinary.com/nguyenkien2022001/image/upload/v1671204724/upload/w4iv6mdb6x9iiy3aeqp0.png', 18, 0, NULL),
	(72, 'http://res.cloudinary.com/nguyenkien2022001/image/upload/v1671204724/upload/k6lofy7g3meqi8gm2xb1.jpg', 18, 0, NULL),
	(73, 'http://res.cloudinary.com/nguyenkien2022001/image/upload/v1671205023/upload/digpxplskhvzl5r1igmh.jpg', 19, 0, NULL),
	(74, 'http://res.cloudinary.com/nguyenkien2022001/image/upload/v1671205281/upload/q5c37gdl985iudlihodd.png', 20, 0, NULL),
	(75, 'http://res.cloudinary.com/nguyenkien2022001/image/upload/v1671205280/upload/j3cuesptb9fqjrkbfe18.png', 20, 0, NULL),
	(76, 'http://res.cloudinary.com/nguyenkien2022001/image/upload/v1671205281/upload/tbmsadkk6geujuzwuhvb.png', 20, 0, NULL),
	(77, 'http://res.cloudinary.com/nguyenkien2022001/image/upload/v1671205281/upload/yz4henn1mfhfjchszwuf.png', 20, 0, NULL),
	(78, 'http://res.cloudinary.com/nguyenkien2022001/image/upload/v1671205282/upload/edowwbrbzqknhykptknn.png', 20, 0, NULL),
	(79, 'http://res.cloudinary.com/nguyenkien2022001/image/upload/v1671205346/upload/j3p3joxv6pdkfhk0yh0u.jpg', 21, 0, NULL),
	(80, 'http://res.cloudinary.com/nguyenkien2022001/image/upload/v1671205550/upload/snyatomkfwj1uecdzxee.jpg', 22, 0, NULL),
	(81, 'http://res.cloudinary.com/nguyenkien2022001/image/upload/v1671212191/upload/zfu6re5eu9bauvvwb53h.png', 23, 0, NULL),
	(82, 'http://res.cloudinary.com/nguyenkien2022001/image/upload/v1671212191/upload/jrdtqgbj6asxxexldns1.png', 23, 0, NULL),
	(83, 'http://res.cloudinary.com/nguyenkien2022001/image/upload/v1671212192/upload/z8yiqd7rml6glzz1ysh4.png', 23, 0, NULL),
	(84, 'http://res.cloudinary.com/nguyenkien2022001/image/upload/v1671212192/upload/njhex66wvpuwelz7zvgn.png', 23, 0, NULL),
	(85, 'http://res.cloudinary.com/nguyenkien2022001/image/upload/v1671212705/upload/svtyq15dlf7khkrutyri.jpg', 24, 0, NULL),
	(86, 'http://res.cloudinary.com/nguyenkien2022001/image/upload/v1671212705/upload/jthy9rptqza1vfjvdleu.jpg', 24, 0, NULL),
	(87, 'http://res.cloudinary.com/nguyenkien2022001/image/upload/v1671212705/upload/gej2oto8ccqahti1r7hr.jpg', 24, 0, NULL),
	(88, 'http://res.cloudinary.com/nguyenkien2022001/image/upload/v1671212705/upload/twt3mhmkxdcqdemp73lx.jpg', 24, 0, NULL),
	(89, 'http://res.cloudinary.com/nguyenkien2022001/image/upload/v1671212706/upload/fl7oqi52uwvrq0uhxj04.jpg', 24, 0, NULL),
	(90, 'http://res.cloudinary.com/nguyenkien2022001/image/upload/v1671241924/upload/tjrbkzznnqnxltxvyxkh.jpg', 25, 0, NULL),
	(91, 'http://res.cloudinary.com/nguyenkien2022001/image/upload/v1676516678/upload/nljdyhgay9nmzdlqjcjk.png', 26, 0, NULL),
	(92, 'http://res.cloudinary.com/nguyenkien2022001/image/upload/v1676516679/upload/xdzde876qofdgnpabyf4.png', 26, 0, NULL),
	(93, 'http://res.cloudinary.com/nguyenkien2022001/image/upload/v1676516680/upload/jellq4flgpllmbramqyg.png', 26, 0, NULL),
	(94, 'http://res.cloudinary.com/nguyenkien2022001/image/upload/v1676772023/upload/pkwhr0dzxaccobbpmuom.jpg', 27, 0, NULL),
	(95, 'http://res.cloudinary.com/nguyenkien2022001/image/upload/v1676772024/upload/gkbmrqt17rrrldni42i4.jpg', 27, 0, NULL),
	(96, 'http://res.cloudinary.com/nguyenkien2022001/image/upload/v1676772024/upload/zsaluckfwtqx8pbywttg.jpg', 27, 0, NULL),
	(97, 'http://res.cloudinary.com/nguyenkien2022001/image/upload/v1677163270/upload/w5vvne3ufpz306ijgkvw.jpg', 28, 0, NULL),
	(98, 'http://res.cloudinary.com/nguyenkien2022001/image/upload/v1677163270/upload/cbe2gbhkbicxh6bg4an7.jpg', 28, 0, NULL),
	(99, 'http://res.cloudinary.com/nguyenkien2022001/image/upload/v1677163270/upload/wpy8argtafosc5aileh6.jpg', 28, 0, NULL),
	(100, 'http://res.cloudinary.com/nguyenkien2022001/image/upload/v1677169352/upload/l1q91nvud1hbrjcqrb2r.jpg', 29, 0, NULL),
	(101, 'http://res.cloudinary.com/nguyenkien2022001/image/upload/v1677169352/upload/d4vsl8vktkm0eczn6zfw.jpg', 29, 0, NULL),
	(102, 'http://res.cloudinary.com/nguyenkien2022001/image/upload/v1677169352/upload/xzkm1qm9phj7iq0jhqth.jpg', 29, 0, NULL),
	(103, 'http://res.cloudinary.com/nguyenkien2022001/image/upload/v1677169352/upload/mm9g2epvwtncnlkacmja.jpg', 29, 0, NULL),
	(104, 'http://res.cloudinary.com/nguyenkien2022001/image/upload/v1677169511/upload/e0paarrlbvqs91wx4gwu.png', 30, 0, NULL),
	(105, 'http://res.cloudinary.com/nguyenkien2022001/image/upload/v1677169510/upload/qo8ggaekqx5lao3stmtz.jpg', 30, 0, NULL),
	(106, 'http://res.cloudinary.com/nguyenkien2022001/image/upload/v1677169511/upload/m8caofitqeatfn87hsl1.jpg', 30, 0, NULL),
	(107, 'http://res.cloudinary.com/nguyenkien2022001/image/upload/v1677169512/upload/om5ezj4azfwnmsfk8ytt.jpg', 30, 0, NULL),
	(108, 'http://res.cloudinary.com/nguyenkien2022001/image/upload/v1677169511/upload/f2ndy65iaoltcr9gorho.webp', 30, 0, NULL),
	(109, 'http://res.cloudinary.com/nguyenkien2022001/image/upload/v1677169511/upload/g4clukyyj2bpxnsjm0ia.jpg', 30, 0, NULL),
	(110, 'http://res.cloudinary.com/nguyenkien2022001/image/upload/v1677169699/upload/ovjys4qe5jhxd5tlab2t.jpg', 31, 0, NULL),
	(111, 'http://res.cloudinary.com/nguyenkien2022001/image/upload/v1677169698/upload/s5lczeombbyikdwusd9l.jpg', 31, 0, NULL),
	(112, 'http://res.cloudinary.com/nguyenkien2022001/image/upload/v1677169851/upload/jc1cscq4wkaiooqk4yw3.jpg', 32, 0, NULL),
	(113, 'http://res.cloudinary.com/nguyenkien2022001/image/upload/v1677169851/upload/tfjolqdfkpgisxk6pjuf.jpg', 32, 0, NULL),
	(114, 'http://res.cloudinary.com/nguyenkien2022001/image/upload/v1677169851/upload/q27phtobrmtbzl0njgen.png', 32, 0, NULL),
	(115, 'http://res.cloudinary.com/nguyenkien2022001/image/upload/v1677169852/upload/m2tafounawrksgr9rrkp.jpg', 32, 0, NULL),
	(116, 'http://res.cloudinary.com/nguyenkien2022001/image/upload/v1677169943/upload/pwximxsrc4fgj3nrhiw1.jpg', 33, 0, NULL),
	(117, 'http://res.cloudinary.com/nguyenkien2022001/image/upload/v1677169943/upload/nyrdlss0tq6ctvymouzh.jpg', 33, 0, NULL),
	(118, 'http://res.cloudinary.com/nguyenkien2022001/image/upload/v1677169943/upload/ak1gzukqlrxtwveoihvs.jpg', 33, 0, NULL),
	(119, 'http://res.cloudinary.com/nguyenkien2022001/image/upload/v1677169944/upload/zmse09pci1jhobqc9gkm.jpg', 33, 0, NULL),
	(120, 'http://res.cloudinary.com/nguyenkien2022001/image/upload/v1677170047/upload/dzuostano1fztlkvy5fu.jpg', 34, 0, NULL),
	(121, 'http://res.cloudinary.com/nguyenkien2022001/image/upload/v1677170048/upload/gevith6l9oeiizh4rion.jpg', 34, 0, NULL),
	(122, 'http://res.cloudinary.com/nguyenkien2022001/image/upload/v1677170048/upload/s6xwvni0jwyzderwcpyt.jpg', 34, 0, NULL),
	(123, 'http://res.cloudinary.com/nguyenkien2022001/image/upload/v1677170049/upload/tlsquvawejdhnynhjfgn.jpg', 34, 0, NULL),
	(124, 'http://res.cloudinary.com/nguyenkien2022001/image/upload/v1677170110/upload/ahmmlhazbi0gztlvp7us.jpg', 35, 0, NULL),
	(125, 'http://res.cloudinary.com/nguyenkien2022001/image/upload/v1677170110/upload/otfoc6mhhwbt1txe1lcp.jpg', 35, 0, NULL),
	(126, 'http://res.cloudinary.com/nguyenkien2022001/image/upload/v1677170110/upload/ymjnpj1qelfsqvzld1zt.jpg', 35, 0, NULL),
	(127, 'http://res.cloudinary.com/nguyenkien2022001/image/upload/v1677170110/upload/wvoupynk7i2ktyw0ke1k.jpg', 35, 0, NULL),
	(128, 'http://res.cloudinary.com/nguyenkien2022001/image/upload/v1677170170/upload/qrolkj3zyzlhjqousswe.jpg', 36, 0, NULL),
	(129, 'http://res.cloudinary.com/nguyenkien2022001/image/upload/v1677170170/upload/stv98h4ebl0ogs7uzj0w.jpg', 36, 0, NULL),
	(130, 'http://res.cloudinary.com/nguyenkien2022001/image/upload/v1677170170/upload/f9jdmn8sy0gfn7yenwi2.jpg', 36, 0, NULL),
	(131, 'http://res.cloudinary.com/nguyenkien2022001/image/upload/v1677170171/upload/xnq5kuexykawzi78de9i.jpg', 36, 0, NULL),
	(132, 'http://res.cloudinary.com/nguyenkien2022001/image/upload/v1677170171/upload/ojavgthvkoby4yfs7c2r.jpg', 36, 0, NULL),
	(133, 'http://res.cloudinary.com/nguyenkien2022001/image/upload/v1677170170/upload/d3gt7gax5pxlymlzgvuz.jpg', 36, 0, NULL),
	(134, 'http://res.cloudinary.com/nguyenkien2022001/image/upload/v1677171082/upload/wvqswrmmby2vnu6fev2c.webp', 37, 0, NULL),
	(135, 'http://res.cloudinary.com/nguyenkien2022001/image/upload/v1677171083/upload/obfthbzd94xvjopvd8nj.jpg', 37, 0, NULL),
	(136, 'http://res.cloudinary.com/nguyenkien2022001/image/upload/v1677202370/upload/wfc1mwjldw50kdm7arbn.jpg', 38, 0, NULL),
	(137, 'http://res.cloudinary.com/nguyenkien2022001/image/upload/v1677202370/upload/kjfrmzxf5pnn1068ut5z.jpg', 38, 0, NULL),
	(138, 'http://res.cloudinary.com/nguyenkien2022001/image/upload/v1677202371/upload/xdikpdguuu6vuf9pf0cv.jpg', 38, 0, NULL),
	(139, 'http://res.cloudinary.com/nguyenkien2022001/image/upload/v1679621984/upload/r20lir7alwo7xodubz80.jpg', 39, 0, NULL),
	(140, 'http://res.cloudinary.com/nguyenkien2022001/image/upload/v1681467176/upload/sy3gn6ejyna4xd1nbrf1.png', 40, 0, NULL),
	(141, 'http://res.cloudinary.com/nguyenkien2022001/image/upload/v1681467177/upload/vulrmsn0psm6ajhce5fd.png', 40, 0, NULL),
	(142, 'http://res.cloudinary.com/nguyenkien2022001/image/upload/v1681467177/upload/gkerpyo9ir1lcixxx49t.png', 40, 0, NULL),
	(143, 'http://res.cloudinary.com/nguyenkien2022001/image/upload/v1684773269/upload/kdnmnjh85g0ovutx0thv.jpg', 41, 0, NULL),
	(144, 'http://res.cloudinary.com/nguyenkien2022001/image/upload/v1686231021/upload/eu101fz7vra6de6an0kc.jpg', 42, 0, NULL),
	(145, 'http://res.cloudinary.com/nguyenkien2022001/image/upload/v1686231021/upload/foukkwrzjid2mltartjf.jpg', 42, 0, NULL),
	(146, 'http://res.cloudinary.com/nguyenkien2022001/image/upload/v1686231021/upload/fuzjwjaeq2ai8zfbuosr.jpg', 42, 0, NULL),
	(147, 'http://res.cloudinary.com/nguyenkien2022001/image/upload/v1686231083/upload/qhbznptmame1eiyptoe6.jpg', 43, 0, NULL),
	(148, 'http://res.cloudinary.com/nguyenkien2022001/image/upload/v1686231083/upload/ujfuku2dycfzec43kana.jpg', 43, 0, NULL),
	(149, 'http://res.cloudinary.com/nguyenkien2022001/image/upload/v1686231083/upload/futl7eh7gfnvxctxyc2w.png', 43, 0, NULL),
	(150, 'http://res.cloudinary.com/nguyenkien2022001/image/upload/v1686231117/upload/b2two0yehsdbtm5ioiue.jpg', 44, 0, NULL),
	(151, 'http://res.cloudinary.com/nguyenkien2022001/image/upload/v1686231117/upload/rxg8fgnjusofj6fyrm1w.jpg', 44, 0, NULL),
	(152, 'http://res.cloudinary.com/nguyenkien2022001/image/upload/v1686231120/upload/an2akquwiguuuvgmesbs.png', 44, 0, NULL),
	(153, 'http://res.cloudinary.com/nguyenkien2022001/image/upload/v1686231177/upload/je3ayfm8kq41vewjetuj.jpg', 45, 0, NULL),
	(154, 'http://res.cloudinary.com/nguyenkien2022001/image/upload/v1686231178/upload/izqwy8q4gpsucq9ulees.jpg', 45, 0, NULL);

-- Dumping structure for table auction.mark_up
CREATE TABLE IF NOT EXISTS `mark_up` (
  `id` int NOT NULL AUTO_INCREMENT,
  `product_type` int NOT NULL,
  `value` float NOT NULL DEFAULT '0',
  `created_at` datetime NOT NULL DEFAULT CURRENT_TIMESTAMP,
  `updated_at` datetime NOT NULL DEFAULT CURRENT_TIMESTAMP ON UPDATE CURRENT_TIMESTAMP,
  PRIMARY KEY (`id`),
  KEY `FK_mark_up_product_category` (`product_type`),
  CONSTRAINT `FK_mark_up_product_category` FOREIGN KEY (`product_type`) REFERENCES `product_category` (`id`)
) ENGINE=InnoDB DEFAULT CHARSET=utf8mb4 COLLATE=utf8mb4_0900_ai_ci;

-- Dumping data for table auction.mark_up: ~0 rows (approximately)

-- Dumping structure for table auction.notification
CREATE TABLE IF NOT EXISTS `notification` (
  `id` int NOT NULL AUTO_INCREMENT,
  `user_id` int unsigned NOT NULL DEFAULT '0',
  `auction_id` int DEFAULT NULL,
  `action_user_id` int DEFAULT '0',
  `type` int NOT NULL DEFAULT '0',
  `created_at` datetime NOT NULL DEFAULT CURRENT_TIMESTAMP,
  `updated_at` datetime NOT NULL DEFAULT CURRENT_TIMESTAMP ON UPDATE CURRENT_TIMESTAMP,
  PRIMARY KEY (`id`),
  KEY `auction_notif` (`auction_id`),
  KEY `notif_type` (`type`),
  KEY `FK_notification_user` (`user_id`),
  CONSTRAINT `auction_notif` FOREIGN KEY (`auction_id`) REFERENCES `auction` (`id`)
) ENGINE=InnoDB AUTO_INCREMENT=235 DEFAULT CHARSET=utf8mb4 COLLATE=utf8mb4_0900_ai_ci;

-- Dumping data for table auction.notification: ~82 rows (approximately)
INSERT INTO `notification` (`id`, `user_id`, `auction_id`, `action_user_id`, `type`, `created_at`, `updated_at`) VALUES
	(3, 324, 6, 319, 4, '2022-12-10 00:57:06', '2022-12-17 08:43:04'),
	(4, 317, 6, 319, 4, '2022-12-10 01:01:27', '2022-12-17 08:46:49'),
	(5, 319, 6, 324, 4, '2022-12-10 01:08:20', '2022-12-16 20:16:55'),
	(6, 317, 2, 324, 4, '2022-12-10 02:11:25', '2022-12-11 21:19:49'),
	(7, 319, 2, 324, 4, '2022-12-10 02:11:38', '2022-12-11 21:19:49'),
	(8, 326, 6, 324, 4, '2022-12-10 11:04:24', '2022-12-16 20:17:04'),
	(9, 326, 5, 317, 4, '2022-12-10 11:25:42', '2022-12-10 11:25:42'),
	(10, 324, 2, 326, 4, '2022-12-10 11:42:14', '2022-12-10 11:45:59'),
	(11, 326, 2, 324, 4, '2022-12-10 11:45:52', '2022-12-11 21:19:49'),
	(12, 324, 10, 327, 4, '2022-12-11 14:36:56', '2023-01-06 23:15:40'),
	(13, 317, 10, 327, 4, '2022-12-11 14:37:13', '2023-01-06 23:15:40'),
	(14, 327, 6, 319, 4, '2022-12-11 20:40:35', '2022-12-17 08:46:49'),
	(15, 327, 10, 329, 4, '2022-12-11 20:59:33', '2022-12-14 11:16:34'),
	(16, 317, 1, 319, 4, '2022-12-11 21:18:08', '2022-12-15 14:13:01'),
	(17, 319, 1, 324, 4, '2022-12-11 21:18:08', '2022-12-11 21:50:43'),
	(18, 324, 1, 319, 4, '2022-12-11 21:18:26', '2022-12-15 14:13:01'),
	(19, 327, 1, 319, 4, '2022-12-11 21:19:03', '2022-12-15 14:13:01'),
	(20, 328, 6, 324, 4, '2022-12-11 21:26:26', '2022-12-16 20:17:04'),
	(21, 328, 1, 319, 4, '2022-12-11 21:50:43', '2022-12-15 14:13:01'),
	(22, 319, 10, 327, 4, '2022-12-14 00:14:05', '2023-01-06 23:15:40'),
	(171, 319, 11, 319, 2, '2022-12-15 17:25:25', '2022-12-15 17:25:25'),
	(172, 319, 11, 319, 4, '2022-12-15 17:25:25', '2022-12-15 17:25:25'),
	(173, 319, 11, 319, 2, '2022-12-15 17:28:00', '2022-12-15 17:28:00'),
	(174, 319, 11, 319, 4, '2022-12-15 17:28:00', '2022-12-15 17:28:00'),
	(175, 324, 13, 317, 4, '2022-12-15 18:02:46', '2022-12-15 18:07:30'),
	(176, 317, 13, 324, 4, '2022-12-15 18:02:48', '2022-12-15 18:07:03'),
	(177, 319, 13, 317, 4, '2022-12-15 18:07:03', '2022-12-15 18:07:30'),
	(178, 330, 6, 319, 4, '2022-12-15 18:34:18', '2022-12-17 08:46:49'),
	(179, 319, 3, 317, 2, '2022-12-16 00:00:00', '2022-12-16 00:00:00'),
	(180, 317, 3, 319, 4, '2022-12-16 00:00:00', '2022-12-16 00:00:00'),
	(181, 319, 15, 324, 2, '2022-12-16 22:25:00', '2022-12-16 22:25:00'),
	(182, 324, 15, 319, 4, '2022-12-16 22:25:00', '2022-12-16 22:25:00'),
	(183, 324, 22, 319, 2, '2022-12-16 22:48:00', '2022-12-16 22:48:00'),
	(184, 319, 22, 324, 4, '2022-12-16 22:48:00', '2022-12-16 22:48:00'),
	(185, 319, 25, 324, 2, '2022-12-17 08:55:00', '2022-12-17 08:55:00'),
	(186, 324, 25, 319, 4, '2022-12-17 08:55:00', '2022-12-17 08:55:00'),
	(187, 329, 10, 327, 4, '2023-01-06 23:15:40', '2023-01-06 23:15:40'),
	(188, 319, 27, 317, 2, '2023-02-19 09:04:00', '2023-02-19 09:04:00'),
	(189, 317, 27, 319, 4, '2023-02-19 09:04:00', '2023-02-19 09:04:00'),
	(190, 317, 26, 327, 4, '2023-02-23 21:45:30', '2023-02-24 08:05:56'),
	(191, 324, 26, 327, 4, '2023-02-23 21:56:32', '2023-02-24 08:05:56'),
	(192, 327, 26, 329, 4, '2023-02-23 21:58:58', '2023-02-24 08:05:32'),
	(193, 319, 37, 327, 2, '2023-02-23 23:54:00', '2023-02-23 23:54:00'),
	(194, 327, 37, 319, 4, '2023-02-23 23:54:00', '2023-02-23 23:54:00'),
	(196, 0, 37, 319, 7, '2023-02-24 00:09:14', '2023-02-24 00:09:14'),
	(198, 328, 26, 327, 4, '2023-02-24 08:03:04', '2023-02-24 08:05:56'),
	(199, 329, 26, 327, 4, '2023-02-24 08:05:56', '2023-02-24 08:05:56'),
	(200, 319, 32, 329, 4, '2023-02-24 09:03:03', '2023-02-24 09:03:03'),
	(201, 323, 31, 319, 4, '2023-03-24 08:34:10', '2023-03-24 08:34:10'),
	(202, 319, 31, 323, 4, '2023-03-24 08:34:39', '2023-03-24 08:34:39'),
	(203, 323, 39, 319, 2, '2023-03-24 08:42:00', '2023-03-24 08:42:00'),
	(204, 319, 39, 323, 4, '2023-03-24 08:42:00', '2023-03-24 08:42:00'),
	(205, 0, 39, 323, 7, '2023-03-24 08:43:08', '2023-03-24 08:43:08'),
	(206, 0, 39, 323, 7, '2023-03-24 08:43:20', '2023-03-24 08:43:20'),
	(207, 0, 39, 323, 7, '2023-03-24 08:43:26', '2023-03-24 08:43:26'),
	(208, 0, 39, 323, 7, '2023-03-24 08:43:38', '2023-03-24 08:43:38'),
	(209, 0, 39, 323, 7, '2023-03-24 08:44:10', '2023-03-24 08:44:10'),
	(210, 0, 39, 323, 7, '2023-03-24 08:44:43', '2023-03-24 08:44:43'),
	(211, 319, 40, 319, 8, '2023-05-18 22:34:50', '2023-05-18 22:34:50'),
	(212, 323, 39, 319, 8, '2023-05-18 23:01:58', '2023-05-18 23:01:58'),
	(213, 327, 35, 319, 8, '2023-05-18 23:02:03', '2023-05-18 23:02:03'),
	(214, 327, 35, 319, 8, '2023-05-18 23:10:59', '2023-05-18 23:10:59'),
	(215, 327, 35, 319, 8, '2023-05-19 09:19:02', '2023-05-19 09:19:02'),
	(216, 327, 36, 319, 8, '2023-05-19 09:19:08', '2023-05-19 09:19:08'),
	(217, 319, 26, 319, 8, '2023-05-19 09:19:13', '2023-05-19 09:19:13'),
	(218, 319, 40, 319, 8, '2023-05-19 09:19:16', '2023-05-19 09:19:16'),
	(219, 323, 39, 319, 8, '2023-05-19 09:19:19', '2023-05-19 09:19:19'),
	(220, 323, 39, 319, 8, '2023-05-19 10:04:50', '2023-05-19 10:04:50'),
	(221, 319, 26, 319, 8, '2023-05-19 10:04:55', '2023-05-19 10:04:55'),
	(222, 319, 26, 319, 8, '2023-05-19 10:05:14', '2023-05-19 10:05:14'),
	(223, 319, 37, 319, 8, '2023-05-19 10:14:41', '2023-05-19 10:14:41'),
	(224, 319, 37, 319, 8, '2023-05-19 10:36:32', '2023-05-19 10:36:32'),
	(225, 319, 37, 319, 8, '2023-05-19 10:36:36', '2023-05-19 10:36:36'),
	(226, 319, 37, 319, 8, '2023-05-19 10:36:58', '2023-05-19 10:36:58'),
	(227, 319, 37, 319, 8, '2023-05-19 10:37:06', '2023-05-19 10:37:06'),
	(228, 319, 37, 319, 8, '2023-05-19 10:39:29', '2023-05-19 10:39:29'),
	(229, 319, 37, 319, 8, '2023-05-19 11:10:39', '2023-05-19 11:10:39'),
	(230, 319, 26, 319, 8, '2023-05-19 11:10:40', '2023-05-19 11:10:40'),
	(231, 323, 39, 319, 8, '2023-05-19 11:10:55', '2023-05-19 11:10:55'),
	(232, 319, 37, 319, 8, '2023-05-19 11:11:27', '2023-05-19 11:11:27'),
	(233, 319, 26, 319, 8, '2023-06-08 20:29:49', '2023-06-08 20:29:49'),
	(234, 319, 45, 319, 8, '2023-06-08 20:43:42', '2023-06-08 20:43:42');

-- Dumping structure for table auction.notification_category
CREATE TABLE IF NOT EXISTS `notification_category` (
  `id` int NOT NULL AUTO_INCREMENT,
  `name` varchar(100) NOT NULL DEFAULT '0',
  PRIMARY KEY (`id`)
) ENGINE=InnoDB AUTO_INCREMENT=8 DEFAULT CHARSET=utf8mb4 COLLATE=utf8mb4_0900_ai_ci;

-- Dumping data for table auction.notification_category: ~7 rows (approximately)
INSERT INTO `notification_category` (`id`, `name`) VALUES
	(1, 'Thêm phiên đấu giá mới'),
	(2, 'Hoàn thành đấu giá'),
	(3, 'Đã đấu giá sản phẩm của bạn'),
	(4, 'Đã đấu giá sản phẩm bạn từng đấu giá'),
	(5, 'Bạn đã thắng cược'),
	(6, 'Người bán đã xác nhận đơn hàng'),
	(7, 'Tài khoản của bạn bị cảnh cáo, bạn không thể thêm hay bình luận các buổi đấu giá');

-- Dumping structure for table auction.payment
CREATE TABLE IF NOT EXISTS `payment` (
  `id` int NOT NULL AUTO_INCREMENT,
  `name` varchar(50) NOT NULL DEFAULT '0',
  PRIMARY KEY (`id`)
) ENGINE=InnoDB DEFAULT CHARSET=utf8mb4 COLLATE=utf8mb4_0900_ai_ci;

-- Dumping data for table auction.payment: ~0 rows (approximately)

-- Dumping structure for table auction.product
CREATE TABLE IF NOT EXISTS `product` (
  `id` int NOT NULL AUTO_INCREMENT,
  `name` varchar(500) NOT NULL DEFAULT '0',
  `description` varchar(5000) NOT NULL DEFAULT '0',
  `branch` varchar(100) DEFAULT NULL,
  `image` varchar(5000) NOT NULL DEFAULT '0',
  `category_id` int NOT NULL DEFAULT '0',
  `title` varchar(500) CHARACTER SET utf8mb4 COLLATE utf8mb4_0900_ai_ci NOT NULL,
  `start_price` int NOT NULL DEFAULT '0',
  `key_word` varchar(1000) NOT NULL DEFAULT '0',
  `status` varchar(200) CHARACTER SET utf8mb4 COLLATE utf8mb4_0900_ai_ci NOT NULL DEFAULT 'Còn mới',
  `seller_id` int unsigned NOT NULL,
  `created_at` datetime NOT NULL DEFAULT CURRENT_TIMESTAMP,
  `updated_at` datetime NOT NULL DEFAULT CURRENT_TIMESTAMP,
  `deleted_at` datetime NOT NULL DEFAULT CURRENT_TIMESTAMP,
  PRIMARY KEY (`id`),
  KEY `product_type` (`category_id`),
  KEY `seller_id_product` (`seller_id`),
  CONSTRAINT `product_type` FOREIGN KEY (`category_id`) REFERENCES `product_category` (`id`),
  CONSTRAINT `seller_id_product` FOREIGN KEY (`seller_id`) REFERENCES `user` (`id`)
) ENGINE=InnoDB AUTO_INCREMENT=46 DEFAULT CHARSET=utf8mb4 COLLATE=utf8mb4_0900_ai_ci;

-- Dumping data for table auction.product: ~45 rows (approximately)
INSERT INTO `product` (`id`, `name`, `description`, `branch`, `image`, `category_id`, `title`, `start_price`, `key_word`, `status`, `seller_id`, `created_at`, `updated_at`, `deleted_at`) VALUES
	(1, 'Đồng hồ siêu đẹp', 'Đồng hồ chính hãng xuất xứ bên Nhật Đồng hồ chính hãng xuất xứ bên Nhật Đồng hồ chính hãng xuất xứ bên Nhật ', 'Casio', 'http://res.cloudinary.com/nguyenkien2022001/image/upload/v1669779826/upload/hefa1thql0hgc14sw8tf.jpg', 1, 'Đồng hồ chính hãng xuất xứ bên Nhật', 12000000, 'dongho, banchay, casio', 'Chưa qua sử dụng', 319, '2022-11-30 10:46:51', '2022-11-30 10:46:51', '2022-11-30 10:46:51'),
	(2, 'Laptop Dell Vostro 3500', 'Thông số: Đồng hồ chính hãng xuất xứ bên Nhật Đồng hồ chính hãng xuất xứ bên Nhật Đồng hồ chính hãng xuất xứ bên Nhật ', 'Dell', 'http://res.cloudinary.com/nguyenkien2022001/image/upload/v1669780112/upload/rjrdjxioynzsafqfxgm9.png', 2, 'Laptop chính hãng dell', 15000000, 'laptop, dell, vostro', 'Sử dụng được 2 năm', 319, '2022-11-30 10:48:39', '2022-11-30 10:48:39', '2022-11-30 10:48:39'),
	(3, 'Laptop Dell Inspiron 3501', 'Thông số: Đồng hồ chính hãng xuất xứ bên Nhật Đồng hồ chính hãng xuất xứ bên Nhật Đồng hồ chính hãng xuất xứ bên Nhật ', 'Dell', 'http://res.cloudinary.com/nguyenkien2022001/image/upload/v1669780187/upload/twcfmabigsvy8yqc1n7j.png', 2, 'Laptop chính hãng dell', 18000000, 'laptop, dell, vostro', 'Sử dụng được 2 năm', 319, '2022-11-30 10:50:04', '2022-11-30 10:50:04', '2022-11-30 10:50:04'),
	(4, 'Xe máy wave', 'Thông số: Đồng hồ chính hãng xuất xứ bên Nhật Đồng hồ chính hãng xuất xứ bên Nhật Đồng hồ chính hãng xuất xứ bên Nhật ', 'Honda', 'http://res.cloudinary.com/nguyenkien2022001/image/upload/v1669780250/upload/mreg6z3amxpt00bkv1go.png', 13, 'Xe wave đi siêu êm, đẹp', 18000000, 'honda, wave, xemay', 'Sử dụng được 1 năm', 319, '2022-11-30 10:50:59', '2022-11-30 10:50:59', '2022-11-30 10:50:59'),
	(5, 'Tạ 8kg', 'Thông số: Đồng hồ chính hãng xuất xứ bên Nhật Đồng hồ chính hãng xuất xứ bên Nhật Đồng hồ chính hãng xuất xứ bên Nhật ', 'Honda', 'http://res.cloudinary.com/nguyenkien2022001/image/upload/v1669780597/upload/yhho1atefk3usqvhy7ih.jpg', 13, 'Xe wave đi siêu êm, đẹp', 18000000, 'honda, wave, xemay', 'Sử dụng được 1 năm', 319, '2022-11-30 10:57:01', '2022-11-30 10:57:01', '2022-11-30 10:57:01'),
	(6, 'Tai nghe không biết thương hiệu gì', 'Không biết mô tả gì hết luôn', 'Không có', 'http://res.cloudinary.com/nguyenkien2022001/image/upload/v1669796349/upload/oxnfkjqifpvuv6qkfkgv.jpg', 2, 'Không có', 5000, 'tainghe', 'Sắp hỏng', 325, '2022-11-30 15:23:03', '2022-11-30 15:23:03', '2022-11-30 15:23:03'),
	(7, 'Redmi Note 7', 'Siêu xịn luôn ạ haha', 'Xiaomi', 'http://res.cloudinary.com/nguyenkien2022001/image/upload/v1669796990/upload/rgqlvzpr6qnkfqztgyhc.jpg', 2, 'Điện thoại xin', 5000000, '', 'Còn mới', 325, '2022-11-30 15:30:42', '2022-11-30 15:30:42', '2022-11-30 15:30:42'),
	(8, 'Chuột không dây logitech', 'Rất rất  rất ngon', 'Logitech', 'http://res.cloudinary.com/nguyenkien2022001/image/upload/v1670743704/upload/bzovcjfmevcaessk3nv2.jpg', 2, 'Chuột ngon lắm', 50000, '', 'Còn mới', 317, '2022-12-11 14:28:50', '2022-12-11 14:28:50', '2022-12-11 14:28:50'),
	(9, 'Chuột không dây logitech', 'Rất rất  rất ngon', 'Logitech', 'http://res.cloudinary.com/nguyenkien2022001/image/upload/v1670743704/upload/bzovcjfmevcaessk3nv2.jpg', 2, 'Chuột ngon lắm', 50000, '', 'Còn mới', 317, '2022-12-11 14:28:55', '2022-12-11 14:28:55', '2022-12-11 14:28:55'),
	(10, 'Chuột không dây logitech', 'Rất rất  rất ngon', 'Logitech', 'http://res.cloudinary.com/nguyenkien2022001/image/upload/v1670743704/upload/bzovcjfmevcaessk3nv2.jpg', 2, 'Chuột ngon lắm', 50000, '', 'Còn mới', 317, '2022-12-11 14:29:48', '2022-12-11 14:29:48', '2022-12-11 14:29:48'),
	(11, 'Hoa đẹp', 'Hoa đẹp hoa đẹp hoa đẹp hoa đẹp', 'Không có', 'http://res.cloudinary.com/nguyenkien2022001/image/upload/v1671089067/upload/vzabjuwh2gaszaf0frqq.jpg', 10, 'Hoa đẹp', 5000, 'hoa', 'Vừa hái về', 319, '2022-12-15 14:24:52', '2022-12-15 14:24:52', '2022-12-15 14:24:52'),
	(12, 'Bàn phím cơ k68', 'dfgfdgfd', 'Logitech', 'http://res.cloudinary.com/nguyenkien2022001/image/upload/v1671100405/upload/ijc5c0b3repetufmfwdj.jpg', 2, 'dhfdg', 5000, 'egergre', 'Mới 99%', 319, '2022-12-15 17:33:50', '2022-12-15 17:33:50', '2022-12-15 17:33:50'),
	(13, 'Test', 'ẻgerg', 'kk', 'http://res.cloudinary.com/nguyenkien2022001/image/upload/v1671101868/upload/kxczyal3q0luerlly2u2.jpg', 9, 'ẻgerg', 5000, 'gẻg', 'mới', 319, '2022-12-15 17:57:58', '2022-12-15 17:57:58', '2022-12-15 17:57:58'),
	(14, 'Combo 10 khoai tây chiên', 'pư9e0hrgioersuthgdfuighfdsuigfd', '', 'http://res.cloudinary.com/nguyenkien2022001/image/upload/v1671123677/upload/izzkjxctcju8udlle0xx.jpg', 16, 'Khoai tây chiên', 50000, 'douong', 'Chưa qua sử dụng', 319, '2022-12-16 00:05:35', '2022-12-16 00:05:35', '2022-12-16 00:05:35'),
	(15, 'Ốp điện thoại', 'Ốp lưng điện thoại hahahaha', 'Xiaomi', 'http://res.cloudinary.com/nguyenkien2022001/image/upload/v1671204112/upload/rmkxu0ccfgewv2hl2lps.jpg', 1, 'ốp lưng điện thoaoij', 5000, 'opdienthoai', 'Đã dùng được 3 năm', 319, '2022-12-16 22:22:18', '2022-12-16 22:22:18', '2022-12-16 22:22:18'),
	(16, 'tủ lạnh', 'đẹp đẹp đẹp', 'toshiba', 'http://res.cloudinary.com/nguyenkien2022001/image/upload/v1671204236/upload/mqibvtecimyaa3juhjsw.jpg', 4, 'đẹp', 5000000, '', 'mới', 319, '2022-12-16 22:24:15', '2022-12-16 22:24:15', '2022-12-16 22:24:15'),
	(17, 'Mũ bảo hiểm', 'dfvdf', 'vfd', 'http://res.cloudinary.com/nguyenkien2022001/image/upload/v1671204623/upload/ebdm9mpsprtgzpfaznbx.png', 7, 'dfvfd', 5000, '', 'dfvfd', 319, '2022-12-16 22:30:37', '2022-12-16 22:30:37', '2022-12-16 22:30:37'),
	(18, 'Lót chuột', 'Cực kì đẹp', 'Logitech', 'http://res.cloudinary.com/nguyenkien2022001/image/upload/v1671204723/upload/ypn9lodbyazsxryfllth.jpg', 2, 'Đẹp', 50000, '', 'Mới', 319, '2022-12-16 22:32:27', '2022-12-16 22:32:27', '2022-12-16 22:32:27'),
	(19, 'test', 'ưefwefwe', '', 'http://res.cloudinary.com/nguyenkien2022001/image/upload/v1671205023/upload/digpxplskhvzl5r1igmh.jpg', 1, 'ưefwe', 5000, 'grjkefbv èd', 'test', 319, '2022-12-16 22:37:13', '2022-12-16 22:37:13', '2022-12-16 22:37:13'),
	(20, 'Áo phao', 'rthrthrthrt', '', 'http://res.cloudinary.com/nguyenkien2022001/image/upload/v1671205281/upload/q5c37gdl985iudlihodd.png', 10, 'rhnrth', 200000, '', 'mới', 319, '2022-12-16 22:41:33', '2022-12-16 22:41:33', '2022-12-16 22:41:33'),
	(21, 'Chăn bông', 'rthrthrt', '', 'http://res.cloudinary.com/nguyenkien2022001/image/upload/v1671205346/upload/j3p3joxv6pdkfhk0yh0u.jpg', 1, 'rthrt', 5000, '', 'rth', 319, '2022-12-16 22:42:35', '2022-12-16 22:42:35', '2022-12-16 22:42:35'),
	(22, 'fwefwe', 'ưefwe', '', 'http://res.cloudinary.com/nguyenkien2022001/image/upload/v1671205550/upload/snyatomkfwj1uecdzxee.jpg', 1, 'ưefwe', 5000, '', 'ewfwe', 324, '2022-12-16 22:45:58', '2022-12-16 22:45:58', '2022-12-16 22:45:58'),
	(23, 'testStarting Auction', 'đpẹ đẹp đẹp', '', 'http://res.cloudinary.com/nguyenkien2022001/image/upload/v1671212191/upload/zfu6re5eu9bauvvwb53h.png', 1, 'đẹp', 50000, '', 'Còn mới', 319, '2022-12-17 00:36:41', '2022-12-17 00:36:41', '2022-12-17 00:36:41'),
	(24, 'Bàn phím cơ Gaming Leaven K550 Blue Switch TKL 87 phím , LED Rainbow ', '🔥 BÀN PHÍM CƠ GAMING LEAVEN K550 BLUE SWITCH\n\n- Là mẫu bàn phím TKL với 87 phím cơ , sử dụng trục cơ khí Blue Switch\n\n- LED sử dụng là LED Rainbow phân vùng đồng thời phím là dạng LED xuyên kết hợp với 9 chế độ LED khác nhau\n\n- Mặt phím sử dụng công nghệ khắc Laser chống phai màu\n\n- Trục phím cơ Blue Switch 1 trong những loại phím cơ tốt nhất trên thị trường, cho hành trình phím , âm phím cũng như trải nghiệm sử tốt nhất\n\n- Thiết kế phím là dạng công thái học , với mặt phím từ thấp lên cao giúp người dùng dễ làm quen với phím và sẽ không bị mỏi khi làm việc trong thời gian dài\n\n- Dạng phím là Double Short giúp bạn dễ dàng tháo , độ phím cũng như vệ sinh phím 1 cách dễ dàng\n\n- Tính năng ấn tượng nhất trên phím là khả năng chống nước chống bụi \n\n- Toàn bộ phím được làm bằng nhựa ABS có độ bền cao giúp tổng trọng lượng phím chỉ khoảng 600-800 gram giúp bạn dễ dàng mang theo khi đi xa.\nThông số chi tiết :\n\n- Model: K550\n\n- Kiểu phím : TKL 87 phím\n\n- Kích thước: 360x130x36 (mm)\n\n- Màu sắc: Đen, Trắng\n\n- Hiệu ứng ánh sáng: 9 Hiệu ứng \n\n- Giao diện: cáp USB với cục chống nhiễu\n\n- Chiều dài dây: 1.8m/5,91ft\n\n- Loại switch: Blue switch\n\n- Khả năng tương thích hệ thống: Dành cho win xp/7/8/10, mac 10.2 trở lên\n\n- Trục phím cơ : Blue switch\n\n- Chống nước , bụi : Có\n\n- LED : Rainbow phân vùng , xuyên phím\n\n- Chất liệu : Nhựa ABS\n\n- Dạng Phím : Double short\n\n\n\n\n\n❌  KINH NGHIỆM SỬ DỤNG VÀ BẢO QUẢN BÀN PHÍM CƠ BẠN NÊN BIẾT:  \n\n- Dùng những chiếc khăn mềm và ẩm để lau toàn bộ các phím. Hoặc bạn cũng có thể dùng khăn khô thấm cồn 90 độ để đồng thời diệt khuẩn \n\n- Dùng một chiếc cọ mềm và quét sạch mọi ngóc ngách tại đó. Bạn cũng có thể dùng 1 bình xịt khí nén để thổi bụi bẩn ra khỏi các khe\n\n- Lưu ý bạn nên úp mặt bàn phím cơ xuống rồi tháo các vít ở các góc và vị trí có dấu mũi tên. Sau đó, bạn lật mặt sau của bàn phím cơ, lấy bản mạch ra, rồi tháo rời các phím. \n\n\n\n** Quyền lợi khi mua hàng tại Smart New\n\n- Bảo hành toàn quốc tại các trung tâm ở Hà Nội và Hồ Chí Minh\n\n\n\n- Đơn vị sản xuất và lắp ráp: Jangjun Technology Co., Ltd\n\n- Địa chỉ : 370 Xiangshan Avenue, Luotian Community, Yanluo Street, Baoan District, Shenzhen\n\n- Xuất xứ : Trung Quốc\n\n- Đơn vị nhập khẩu và phân phối: Trung tâm phân phối thiết bị số SMART NEW\n\n- Đại chỉ bảo hành: \n\n+ Tại Hà Nội : Building SMART NEW 27/176 Mai Dịch Cầu Giấy Hà Nội \n\n+ Tại HCM : 27/32 đường số 8 Linh Xuân Thủ Đức\n\n+ Sản phẩm bảo hành 1 đổi 1 trong 30 ngày\n\n\n\n #gaming #banphim #banphimco #banphimgame #banphimmaytinh #banphimgiaco #banphimcogaming #banphimgaming #maytinh #phukienmaytinh #pc #smartnewvn #smartnew #k550', 'Leaven', 'http://res.cloudinary.com/nguyenkien2022001/image/upload/v1671212705/upload/svtyq15dlf7khkrutyri.jpg', 2, ' Là mẫu bàn phím TKL với 87 phím cơ , sử dụng trục cơ khí Blue Switch', 499000, 'banphim, banphimco, leaven', 'Mới 99%', 319, '2022-12-17 00:45:18', '2022-12-17 00:45:18', '2022-12-17 00:45:18'),
	(25, 'gẻgre', 'ểtr', 'gẻ', 'http://res.cloudinary.com/nguyenkien2022001/image/upload/v1671241924/upload/tjrbkzznnqnxltxvyxkh.jpg', 1, 'tetre', 50000, 'e', 'grge', 319, '2022-12-17 08:52:27', '2022-12-17 08:52:27', '2022-12-17 08:52:27'),
	(26, 'Tai nghe không biết thương hiệu gì', 'rthrthrt', 'grjkefbv èd', 'http://res.cloudinary.com/nguyenkien2022001/image/upload/v1676516678/upload/nljdyhgay9nmzdlqjcjk.png', 3, 'rthrth', 50000, '', 'trhrt', 319, '2023-02-16 10:04:58', '2023-02-16 10:04:58', '2023-02-16 10:04:58'),
	(27, 'Tiền số đẹp', 'tiền rất rất đẹp\n', '', 'http://res.cloudinary.com/nguyenkien2022001/image/upload/v1676772023/upload/pkwhr0dzxaccobbpmuom.jpg', 1, 'tiền đẹp', 1000000, '', 'Mới 100%', 319, '2023-02-19 09:01:18', '2023-02-19 09:01:18', '2023-02-19 09:01:18'),
	(28, 'Đồng hồ Thụy Sỹ', 'Đồng hồ nhập khẩu từ thụy sĩ', 'Casio', 'http://res.cloudinary.com/nguyenkien2022001/image/upload/v1677163270/upload/w5vvne3ufpz306ijgkvw.jpg', 1, 'Đồng hồ siêu đẹp', 36000000, '', 'Dùng được 1 tháng', 319, '2023-02-23 21:41:36', '2023-02-23 21:41:36', '2023-02-23 21:41:36'),
	(29, 'Laptop Dell Vostro', 'máy tính siêu siêu siêu đẹp', 'Dell', 'http://res.cloudinary.com/nguyenkien2022001/image/upload/v1677169352/upload/l1q91nvud1hbrjcqrb2r.jpg', 2, 'Máy tính đẹp hahaha', 21000000, 'ưegwegwe', 'Mới 99%, chưa dùng', 327, '2023-02-23 23:22:51', '2023-02-23 23:22:51', '2023-02-23 23:22:51'),
	(30, 'Bát cổ', 'Bát cổ siêu đpẹ', '', 'http://res.cloudinary.com/nguyenkien2022001/image/upload/v1677169511/upload/e0paarrlbvqs91wx4gwu.png', 14, 'Bát cổ siêu đpẹ', 80000000, '', 'bát từ thời niên thiếu', 327, '2023-02-23 23:25:42', '2023-02-23 23:25:42', '2023-02-23 23:25:42'),
	(31, 'Hoa Hồng Gai', 'eqrgiuhnertioughero8iugwpiu', '', 'http://res.cloudinary.com/nguyenkien2022001/image/upload/v1677169699/upload/ovjys4qe5jhxd5tlab2t.jpg', 17, 'eqrgiuhnertioughero8iugwpiu', 50000, '', 'Còn tươi lắm', 327, '2023-02-23 23:28:43', '2023-02-23 23:28:43', '2023-02-23 23:28:43'),
	(32, 'truyện deremon', 'eqrgiuhnertioughero8iugwpiu', '', 'http://res.cloudinary.com/nguyenkien2022001/image/upload/v1677169851/upload/jc1cscq4wkaiooqk4yw3.jpg', 19, 'BỘ sưu tập 60 cuốn truyện tranh doremon ', 5000, '', 'chưa sử dụng', 327, '2023-02-23 23:31:11', '2023-02-23 23:31:11', '2023-02-23 23:31:11'),
	(33, 'Mèo tam thể', 'Mèo siêu đẹp', '', 'http://res.cloudinary.com/nguyenkien2022001/image/upload/v1677169943/upload/pwximxsrc4fgj3nrhiw1.jpg', 21, 'Mèo siêu đẹp', 5000000, '', '5 tháng tuổi', 327, '2023-02-23 23:33:23', '2023-02-23 23:33:23', '2023-02-23 23:33:23'),
	(34, 'Tiền số đẹp', 'rthrteherthrthrt', '', 'http://res.cloudinary.com/nguyenkien2022001/image/upload/v1677170047/upload/dzuostano1fztlkvy5fu.jpg', 14, 'ẻthrth', 50000000, '', 'Mới', 327, '2023-02-23 23:34:39', '2023-02-23 23:34:39', '2023-02-23 23:34:39'),
	(35, 'Avatar bách khoa', 'ewwefgewfwe', '', 'http://res.cloudinary.com/nguyenkien2022001/image/upload/v1677170110/upload/ahmmlhazbi0gztlvp7us.jpg', 11, 'ưef', 500078, '', 'ẻgergre', 327, '2023-02-23 23:35:49', '2023-02-23 23:35:49', '2023-02-23 23:35:49'),
	(36, 'rrthrthtrhrt', 'ưefwef', '', 'http://res.cloudinary.com/nguyenkien2022001/image/upload/v1677170170/upload/qrolkj3zyzlhjqousswe.jpg', 13, 'ươigfwegf', 50007767, '', 'rthrt', 327, '2023-02-23 23:36:29', '2023-02-23 23:36:29', '2023-02-23 23:36:29'),
	(37, 'test', 'ưefwef', '', 'http://res.cloudinary.com/nguyenkien2022001/image/upload/v1677171082/upload/wvqswrmmby2vnu6fev2c.webp', 1, 'ewfcwe', 5000, '', 'egergre', 319, '2023-02-23 23:51:41', '2023-02-23 23:51:41', '2023-02-23 23:51:41'),
	(38, 'test', 'dfb', '', 'http://res.cloudinary.com/nguyenkien2022001/image/upload/v1677202370/upload/wfc1mwjldw50kdm7arbn.jpg', 5, 'dfb', 500000, '', 'sdv', 327, '2023-02-24 08:33:14', '2023-02-24 08:33:14', '2023-02-24 08:33:14'),
	(39, 'p', 'kcjjj', 'ư', 'http://res.cloudinary.com/nguyenkien2022001/image/upload/v1679621984/upload/r20lir7alwo7xodubz80.jpg', 21, 'kcj', 5000, 'doxin', '1', 323, '2023-03-24 08:39:48', '2023-03-24 08:39:48', '2023-03-24 08:39:48'),
	(40, 'rtt', 'ưefwef', 'rrytyr', 'http://res.cloudinary.com/nguyenkien2022001/image/upload/v1681467176/upload/sy3gn6ejyna4xd1nbrf1.png', 6, 'uygy', 5000, 'rtytr', 'rtyrt', 319, '2023-04-14 17:13:09', '2023-04-14 17:13:09', '2023-04-14 17:13:09'),
	(41, 'ekrjgerjge', 'ergerger', 'kerjgj', 'http://res.cloudinary.com/nguyenkien2022001/image/upload/v1684773269/upload/kdnmnjh85g0ovutx0thv.jpg', 1, 'erger', 5002, 'erkjg', 'erkjgerkjg', 319, '2023-05-22 23:34:34', '2023-05-22 23:34:34', '2023-05-22 23:34:34'),
	(42, 'Test', 'dfdfd', 'ạhbfd', 'http://res.cloudinary.com/nguyenkien2022001/image/upload/v1686231021/upload/eu101fz7vra6de6an0kc.jpg', 1, 'ffd', 50000, '', 'mới', 319, '2023-06-08 20:30:29', '2023-06-08 20:30:29', '2023-06-08 20:30:29'),
	(43, '4rtgfh', 'dsvdsv', 'ẻger', 'http://res.cloudinary.com/nguyenkien2022001/image/upload/v1686231083/upload/qhbznptmame1eiyptoe6.jpg', 7, 'ds', 50000, '', 'ẻgerg', 319, '2023-06-08 20:31:29', '2023-06-08 20:31:29', '2023-06-08 20:31:29'),
	(44, 'trgf', 'ed', '', 'http://res.cloudinary.com/nguyenkien2022001/image/upload/v1686231117/upload/b2two0yehsdbtm5ioiue.jpg', 1, '4rf', 5000, '', 'fgfg', 319, '2023-06-08 20:32:06', '2023-06-08 20:32:06', '2023-06-08 20:32:06'),
	(45, 'ẻ', 'ưefwe', '', 'http://res.cloudinary.com/nguyenkien2022001/image/upload/v1686231177/upload/je3ayfm8kq41vewjetuj.jpg', 8, 'ưef', 5000, '', 'ẻg', 319, '2023-06-08 20:33:07', '2023-06-08 20:33:07', '2023-06-08 20:33:07');

-- Dumping structure for table auction.product_branch
CREATE TABLE IF NOT EXISTS `product_branch` (
  `id` int NOT NULL AUTO_INCREMENT,
  `name` varchar(200) NOT NULL DEFAULT '0',
  `created_at` datetime NOT NULL DEFAULT CURRENT_TIMESTAMP,
  `updated_at` datetime NOT NULL DEFAULT CURRENT_TIMESTAMP ON UPDATE CURRENT_TIMESTAMP,
  PRIMARY KEY (`id`)
) ENGINE=InnoDB DEFAULT CHARSET=utf8mb4 COLLATE=utf8mb4_0900_ai_ci;

-- Dumping data for table auction.product_branch: ~0 rows (approximately)

-- Dumping structure for table auction.product_category
CREATE TABLE IF NOT EXISTS `product_category` (
  `id` int NOT NULL AUTO_INCREMENT,
  `name` varchar(200) NOT NULL DEFAULT '0',
  `created_at` datetime NOT NULL DEFAULT CURRENT_TIMESTAMP ON UPDATE CURRENT_TIMESTAMP,
  PRIMARY KEY (`id`)
) ENGINE=InnoDB AUTO_INCREMENT=22 DEFAULT CHARSET=utf8mb4 COLLATE=utf8mb4_0900_ai_ci;

-- Dumping data for table auction.product_category: ~21 rows (approximately)
INSERT INTO `product_category` (`id`, `name`, `created_at`) VALUES
	(1, 'Đồng hồ & Phụ kiện', '2022-11-23 11:09:40'),
	(2, 'Điện tử, vi tính', '2022-12-16 22:31:24'),
	(3, 'Đồ điện tử, AV & Máy ảnh', '2022-11-23 11:11:07'),
	(4, 'Nhà cửa đời sống', '2022-11-23 11:11:21'),
	(5, 'Thể thao & Giải trí', '2022-11-23 11:11:35'),
	(6, 'Văn hóa phẩm', '2022-11-23 11:11:46'),
	(7, 'Thời trang - Phụ kiện', '2022-11-23 11:12:00'),
	(8, 'Phim, video', '2022-11-23 11:12:10'),
	(9, 'Âm nhạc', '2022-11-23 11:12:18'),
	(10, 'Sức khỏe & Làm đẹp', '2022-11-23 11:12:33'),
	(11, 'Đồ trẻ em', '2022-11-23 11:12:40'),
	(12, 'Sách, VPP, Quà tặng', '2022-11-23 11:12:55'),
	(13, 'Ô tô, Xe máy, Xe đạp', '2022-11-23 11:13:10'),
	(14, 'Sưu tầm đồ cổ', '2022-11-23 11:13:17'),
	(15, 'Đồ chơi, trò chơi', '2022-11-23 11:13:24'),
	(16, 'Thực phẩm & Đồ uống', '2022-11-23 11:13:33'),
	(17, 'Hoa, Trồng trọ', '2022-11-23 11:13:41'),
	(18, 'Sách & Tạp chí', '2022-11-23 11:13:50'),
	(19, 'Truyện tranh, phim hoạt hình', '2022-11-23 11:13:59'),
	(20, 'Sở thích & Văn hóa', '2022-11-23 11:14:19'),
	(21, 'Khác', '2022-11-23 11:14:30');

-- Dumping structure for table auction.role
CREATE TABLE IF NOT EXISTS `role` (
  `id` varchar(50) DEFAULT NULL,
  `description` varchar(250) DEFAULT NULL,
  `admin` tinyint unsigned NOT NULL DEFAULT '0',
  `user` tinyint unsigned NOT NULL DEFAULT '0',
  `auction` tinyint unsigned NOT NULL DEFAULT '0',
  `homepage` tinyint unsigned NOT NULL DEFAULT '1',
  `dashboard_auction` tinyint unsigned NOT NULL DEFAULT '0',
  `dashboard_config` tinyint unsigned NOT NULL DEFAULT '0',
  `dashboard_money` tinyint unsigned NOT NULL DEFAULT '0',
  `dashboard_hr` tinyint unsigned NOT NULL DEFAULT '0',
  UNIQUE KEY `code` (`id`)
) ENGINE=InnoDB DEFAULT CHARSET=utf8mb3;

-- Dumping data for table auction.role: ~3 rows (approximately)
INSERT INTO `role` (`id`, `description`, `admin`, `user`, `auction`, `homepage`, `dashboard_auction`, `dashboard_config`, `dashboard_money`, `dashboard_hr`) VALUES
	('user', 'full flow', 1, 1, 1, 1, 0, 0, 0, 0),
	('admin', 'dashboard', 1, 1, 1, 1, 0, 0, 0, 0),
	('guest', 'guest', 0, 0, 0, 1, 0, 0, 0, 0);

-- Dumping structure for table auction.search
CREATE TABLE IF NOT EXISTS `search` (
  `id` int NOT NULL,
  `title` varchar(1000) NOT NULL DEFAULT '',
  PRIMARY KEY (`id`)
) ENGINE=InnoDB DEFAULT CHARSET=utf8mb4 COLLATE=utf8mb4_0900_ai_ci;

-- Dumping data for table auction.search: ~0 rows (approximately)

-- Dumping structure for table auction.spam
CREATE TABLE IF NOT EXISTS `spam` (
  `id` int NOT NULL AUTO_INCREMENT,
  `user_id` int unsigned NOT NULL,
  `accuser` int unsigned NOT NULL,
  `reason` int NOT NULL,
  `desc` varchar(500) CHARACTER SET utf8mb4 COLLATE utf8mb4_0900_ai_ci DEFAULT NULL,
  `created_at` datetime NOT NULL DEFAULT CURRENT_TIMESTAMP,
  `updated_at` datetime NOT NULL DEFAULT CURRENT_TIMESTAMP ON UPDATE CURRENT_TIMESTAMP,
  PRIMARY KEY (`id`),
  KEY `FK_spam_user` (`user_id`),
  KEY `FK_spam_spam_category` (`reason`),
  KEY `FK_spam_user_2` (`accuser`),
  CONSTRAINT `FK_spam_spam_category` FOREIGN KEY (`reason`) REFERENCES `spam_category` (`id`),
  CONSTRAINT `FK_spam_user` FOREIGN KEY (`user_id`) REFERENCES `user` (`id`),
  CONSTRAINT `FK_spam_user_2` FOREIGN KEY (`accuser`) REFERENCES `user` (`id`)
) ENGINE=InnoDB DEFAULT CHARSET=utf8mb4 COLLATE=utf8mb4_0900_ai_ci;

-- Dumping data for table auction.spam: ~0 rows (approximately)

-- Dumping structure for table auction.spam_category
CREATE TABLE IF NOT EXISTS `spam_category` (
  `id` int NOT NULL AUTO_INCREMENT,
  `name` varchar(500) NOT NULL DEFAULT '',
  PRIMARY KEY (`id`)
) ENGINE=InnoDB DEFAULT CHARSET=utf8mb4 COLLATE=utf8mb4_0900_ai_ci;

-- Dumping data for table auction.spam_category: ~0 rows (approximately)

-- Dumping structure for table auction.system_config
CREATE TABLE IF NOT EXISTS `system_config` (
  `id` int NOT NULL AUTO_INCREMENT,
  `key` varchar(50) NOT NULL DEFAULT '',
  `value` json NOT NULL,
  `action_user` int unsigned NOT NULL,
  `created_at` datetime NOT NULL DEFAULT CURRENT_TIMESTAMP,
  `updated_at` datetime NOT NULL DEFAULT CURRENT_TIMESTAMP ON UPDATE CURRENT_TIMESTAMP,
  `deleted_at` datetime DEFAULT NULL,
  PRIMARY KEY (`id`),
  KEY `FK_system_config_user` (`action_user`),
  CONSTRAINT `FK_system_config_user` FOREIGN KEY (`action_user`) REFERENCES `user` (`id`)
) ENGINE=InnoDB DEFAULT CHARSET=utf8mb4 COLLATE=utf8mb4_0900_ai_ci;

-- Dumping data for table auction.system_config: ~0 rows (approximately)

-- Dumping structure for table auction.theme
CREATE TABLE IF NOT EXISTS `theme` (
  `id` int NOT NULL AUTO_INCREMENT,
  `user_id` int unsigned NOT NULL,
  `theme_id` int NOT NULL,
  `created_at` datetime NOT NULL DEFAULT CURRENT_TIMESTAMP,
  `updated_at` datetime NOT NULL DEFAULT CURRENT_TIMESTAMP ON UPDATE CURRENT_TIMESTAMP,
  PRIMARY KEY (`id`),
  KEY `FK_theme_user` (`user_id`),
  KEY `FK_theme_theme_category` (`theme_id`),
  CONSTRAINT `FK_theme_theme_category` FOREIGN KEY (`theme_id`) REFERENCES `theme_category` (`id`),
  CONSTRAINT `FK_theme_user` FOREIGN KEY (`user_id`) REFERENCES `user` (`id`)
) ENGINE=InnoDB DEFAULT CHARSET=utf8mb4 COLLATE=utf8mb4_0900_ai_ci;

-- Dumping data for table auction.theme: ~0 rows (approximately)

-- Dumping structure for table auction.theme_category
CREATE TABLE IF NOT EXISTS `theme_category` (
  `id` int NOT NULL AUTO_INCREMENT,
  PRIMARY KEY (`id`)
) ENGINE=InnoDB DEFAULT CHARSET=utf8mb4 COLLATE=utf8mb4_0900_ai_ci;

-- Dumping data for table auction.theme_category: ~0 rows (approximately)

-- Dumping structure for table auction.transaction_history
CREATE TABLE IF NOT EXISTS `transaction_history` (
  `id` int NOT NULL AUTO_INCREMENT,
  `user_id` int unsigned NOT NULL DEFAULT '0',
  `amount` float unsigned NOT NULL DEFAULT '0',
  `currency` varchar(50) NOT NULL DEFAULT 'VND',
  `receiver` int unsigned NOT NULL DEFAULT '0',
  `created_at` datetime NOT NULL DEFAULT CURRENT_TIMESTAMP,
  `updated_at` datetime NOT NULL DEFAULT CURRENT_TIMESTAMP ON UPDATE CURRENT_TIMESTAMP,
  PRIMARY KEY (`id`),
  KEY `FK_transaction_history_user` (`user_id`),
  KEY `FK_transaction_history_user_2` (`receiver`),
  CONSTRAINT `FK_transaction_history_user` FOREIGN KEY (`user_id`) REFERENCES `user` (`id`),
  CONSTRAINT `FK_transaction_history_user_2` FOREIGN KEY (`receiver`) REFERENCES `user` (`id`)
) ENGINE=InnoDB DEFAULT CHARSET=utf8mb4 COLLATE=utf8mb4_0900_ai_ci;

-- Dumping data for table auction.transaction_history: ~0 rows (approximately)

-- Dumping structure for table auction.user
CREATE TABLE IF NOT EXISTS `user` (
  `id` int unsigned NOT NULL AUTO_INCREMENT,
  `name` varchar(100) CHARACTER SET utf8 COLLATE utf8_general_ci NOT NULL DEFAULT '',
  `username` varchar(100) CHARACTER SET utf8 COLLATE utf8_general_ci DEFAULT '',
  `email` varchar(50) CHARACTER SET utf8 COLLATE utf8_general_ci NOT NULL DEFAULT '',
  `phone` varchar(15) CHARACTER SET utf8 COLLATE utf8_general_ci DEFAULT '',
  `password_hash` varchar(255) CHARACTER SET utf8 COLLATE utf8_general_ci NOT NULL DEFAULT '',
  `role_id` varchar(50) CHARACTER SET utf8 COLLATE utf8_general_ci NOT NULL DEFAULT 'user',
  `avatar` varchar(1000) CHARACTER SET utf8 COLLATE utf8_general_ci NOT NULL DEFAULT '',
  `birthday` datetime DEFAULT NULL,
  `amount` bigint NOT NULL DEFAULT '0',
  `address` varchar(1000) CHARACTER SET utf8 COLLATE utf8_general_ci DEFAULT NULL,
  `refresh_token` varchar(50) DEFAULT NULL,
  `prestige` tinyint(1) NOT NULL DEFAULT '0',
  `is_verified` tinyint(1) NOT NULL DEFAULT '0',
  `is_blocked` tinyint(1) NOT NULL DEFAULT '0',
  `rating` float NOT NULL DEFAULT '0',
  `sell_failed_count_by_seller` int NOT NULL DEFAULT '0',
  `sell_failed_count_by_auctioneer` int NOT NULL DEFAULT '0',
  `sell_success_count` int NOT NULL DEFAULT '0',
  `buy_cancel_count_by_seller` int NOT NULL DEFAULT '0',
  `buy_cancel_count_by_auctioneer` int NOT NULL DEFAULT '0',
  `buy_success_count` int NOT NULL DEFAULT '0',
  `custom_config` json DEFAULT NULL,
  `created_at` datetime NOT NULL DEFAULT CURRENT_TIMESTAMP,
  `updated_at` datetime NOT NULL DEFAULT CURRENT_TIMESTAMP ON UPDATE CURRENT_TIMESTAMP,
  `del_flag` tinyint(1) NOT NULL DEFAULT '0',
  PRIMARY KEY (`id`),
  KEY `role_id` (`role_id`),
  CONSTRAINT `user_ibfk_1` FOREIGN KEY (`role_id`) REFERENCES `role` (`id`)
) ENGINE=InnoDB AUTO_INCREMENT=335 DEFAULT CHARSET=utf8mb3;

-- Dumping data for table auction.user: ~160 rows (approximately)
INSERT INTO `user` (`id`, `name`, `username`, `email`, `phone`, `password_hash`, `role_id`, `avatar`, `birthday`, `amount`, `address`, `refresh_token`, `prestige`, `is_verified`, `is_blocked`, `rating`, `sell_failed_count_by_seller`, `sell_failed_count_by_auctioneer`, `sell_success_count`, `buy_cancel_count_by_seller`, `buy_cancel_count_by_auctioneer`, `buy_success_count`, `custom_config`, `created_at`, `updated_at`, `del_flag`) VALUES
	(0, 'Nguyễn Trung Kiên', 'trungkien', 'trungkien06yd@gmail.com', '0989983026', '$2a$05$NQ.qO9y9UwDfmiVsNaHJYuhg7sCVC0DGd3/UTXV3zWbO9JgJeR2xu', 'admin', 'https://i.pinimg.com/564x/c6/e5/65/c6e56503cfdd87da299f72dc416023d4.jpg', '2001-02-20 00:00:00', 0, '136 Nguyễn An Ninh, Hoàng Mai, Hà Nội', NULL, 0, 1, 0, 0, 0, 0, 0, 0, 0, 0, NULL, '2022-11-19 08:59:39', '2023-05-26 23:47:36', 0),
	(1, 'DOTW', 'Chưa đặt tên', 'dotw@goquo.com', '', '$2a$05$Ml9fnvJjmrOM28U3MAXBheOFe3YRngp8ON8z9RGVUaSpmeMa5V7Ra', 'user', 'https://i.pinimg.com/564x/c6/e5/65/c6e56503cfdd87da299f72dc416023d4.jpg', NULL, 0, NULL, NULL, 0, 0, 0, 0, 0, 0, 0, 0, 0, 0, '{"a": 1, "b": {"c": 1, "d": 2}}', '2022-11-18 23:59:46', '2023-02-23 21:10:53', 0),
	(2, 'HotelInfo', 'Chưa đặt tên', 'hotelinfo@goquo.com', '', '$2a$05$BADCwsyFDCmTeUymyW3MNuonSQdM4YGliQ4W/pfPY3M2Zdg5QPagu', 'user', 'https://i.pinimg.com/564x/c6/e5/65/c6e56503cfdd87da299f72dc416023d4.jpg', NULL, 0, NULL, NULL, 0, 0, 0, 0, 0, 0, 0, 0, 0, 0, NULL, '2022-11-18 23:59:46', '2023-02-23 21:10:53', 0),
	(3, 'HotelBeds', 'Chưa đặt tên', 'hotelbeds@goquo.com', '', '$2a$05$BADCwsyFDCmTeUymyW3MNuonSQdM4YGliQ4W/pfPY3M2Zdg5QPagu', 'user', 'https://i.pinimg.com/564x/c6/e5/65/c6e56503cfdd87da299f72dc416023d4.jpg', NULL, 0, NULL, NULL, 0, 0, 0, 0, 0, 0, 0, 0, 0, 0, NULL, '2022-11-18 23:59:46', '2023-02-23 21:10:53', 0),
	(4, 'GTA', 'Chưa đặt tên', 'gta@goquo.com', '', '$2a$05$BADCwsyFDCmTeUymyW3MNuonSQdM4YGliQ4W/pfPY3M2Zdg5QPagu', 'user', 'https://i.pinimg.com/564x/c6/e5/65/c6e56503cfdd87da299f72dc416023d4.jpg', NULL, 0, NULL, NULL, 0, 0, 0, 0, 0, 0, 0, 0, 0, 0, NULL, '2022-11-18 23:59:46', '2023-02-23 21:10:53', 0),
	(6, 'HMS', 'Chưa đặt tên', 'hms@goquo.com', '', '$2a$05$Bl2/HCGde0euRbmcFZ9xxOKhEN0TkxUQq9YFdLYWAL458SwaPQYpW', 'user', 'https://i.pinimg.com/564x/c6/e5/65/c6e56503cfdd87da299f72dc416023d4.jpg', NULL, 0, NULL, NULL, 0, 0, 0, 0, 0, 0, 0, 0, 0, 0, NULL, '2022-11-18 23:59:46', '2023-02-23 21:10:53', 0),
	(7, 'Miki', 'Chưa đặt tên', 'miki@goquo.com', '', '$2a$05$BADCwsyFDCmTeUymyW3MNuonSQdM4YGliQ4W/pfPY3M2Zdg5QPagu', 'user', 'https://i.pinimg.com/564x/c6/e5/65/c6e56503cfdd87da299f72dc416023d4.jpg', NULL, 0, NULL, NULL, 0, 0, 0, 0, 0, 0, 0, 0, 0, 0, NULL, '2022-11-18 23:59:46', '2023-02-23 21:10:53', 0),
	(9, 'Infotech', 'Chưa đặt tên', 'infotech@goquo.com', '', '$2a$05$BADCwsyFDCmTeUymyW3MNuonSQdM4YGliQ4W/pfPY3M2Zdg5QPagu', 'user', 'https://i.pinimg.com/564x/c6/e5/65/c6e56503cfdd87da299f72dc416023d4.jpg', NULL, 0, NULL, NULL, 0, 0, 0, 0, 0, 0, 0, 0, 0, 0, NULL, '2022-11-18 23:59:46', '2023-02-23 21:10:53', 0),
	(10, 'Travflex', 'Chưa đặt tên', 'travflex@goquo.com', '', '$2a$05$BADCwsyFDCmTeUymyW3MNuonSQdM4YGliQ4W/pfPY3M2Zdg5QPagu', 'user', 'https://i.pinimg.com/564x/c6/e5/65/c6e56503cfdd87da299f72dc416023d4.jpg', NULL, 0, NULL, NULL, 0, 0, 0, 0, 0, 0, 0, 0, 0, 0, NULL, '2022-11-18 23:59:46', '2023-02-23 21:10:53', 0),
	(13, 'TravelMart', 'Chưa đặt tên', 'travelmart@goquo.com', '', '$2a$05$BADCwsyFDCmTeUymyW3MNuonSQdM4YGliQ4W/pfPY3M2Zdg5QPagu', 'user', 'https://i.pinimg.com/564x/c6/e5/65/c6e56503cfdd87da299f72dc416023d4.jpg', NULL, 0, NULL, NULL, 0, 0, 0, 0, 0, 0, 0, 0, 0, 0, NULL, '2022-11-18 23:59:46', '2023-02-23 21:10:53', 0),
	(14, 'Priceline', 'Chưa đặt tên', 'priceline@goquo.com', '', '$2a$05$Y2U9Az/d9Kuoc6qP6zB0XO3Gplz.6PZS3I2usuQCwQEKVhFx37fS.', 'user', 'https://i.pinimg.com/564x/c6/e5/65/c6e56503cfdd87da299f72dc416023d4.jpg', NULL, 0, NULL, NULL, 0, 0, 0, 0, 0, 0, 0, 0, 0, 0, NULL, '2022-11-18 23:59:46', '2023-02-23 21:10:53', 0),
	(16, 'NTA', 'Chưa đặt tên', 'nta@goquo.com', '', '$2a$05$BADCwsyFDCmTeUymyW3MNuonSQdM4YGliQ4W/pfPY3M2Zdg5QPagu', 'user', 'https://i.pinimg.com/564x/c6/e5/65/c6e56503cfdd87da299f72dc416023d4.jpg', NULL, 0, NULL, NULL, 0, 0, 0, 0, 0, 0, 0, 0, 0, 0, NULL, '2022-11-18 23:59:46', '2023-02-23 21:10:53', 0),
	(17, 'CUG', 'Chưa đặt tên', 'cug@goquo.com', '', '$2a$05$BADCwsyFDCmTeUymyW3MNuonSQdM4YGliQ4W/pfPY3M2Zdg5QPagu', 'user', 'https://i.pinimg.com/564x/c6/e5/65/c6e56503cfdd87da299f72dc416023d4.jpg', NULL, 0, NULL, NULL, 0, 0, 0, 0, 0, 0, 0, 0, 0, 0, NULL, '2022-11-18 23:59:46', '2023-02-23 21:10:53', 0),
	(20, 'JTB', 'Chưa đặt tên', 'jtb@goquo.com', '', '$2a$05$BADCwsyFDCmTeUymyW3MNuonSQdM4YGliQ4W/pfPY3M2Zdg5QPagu', 'user', 'https://i.pinimg.com/564x/c6/e5/65/c6e56503cfdd87da299f72dc416023d4.jpg', NULL, 0, NULL, NULL, 0, 0, 0, 0, 0, 0, 0, 0, 0, 0, NULL, '2022-11-18 23:59:46', '2023-02-23 21:10:53', 0),
	(23, 'Quantum', 'Chưa đặt tên', 'quantum@goquo.com', '', '$2a$05$BADCwsyFDCmTeUymyW3MNuonSQdM4YGliQ4W/pfPY3M2Zdg5QPagu', 'user', 'https://i.pinimg.com/564x/c6/e5/65/c6e56503cfdd87da299f72dc416023d4.jpg', NULL, 0, NULL, NULL, 0, 0, 0, 0, 0, 0, 0, 0, 0, 0, NULL, '2022-11-18 23:59:46', '2023-02-23 21:10:53', 0),
	(28, 'Travco', 'Chưa đặt tên', 'travco@goquo.com', '', '$2a$05$BADCwsyFDCmTeUymyW3MNuonSQdM4YGliQ4W/pfPY3M2Zdg5QPagu', 'user', 'https://i.pinimg.com/564x/c6/e5/65/c6e56503cfdd87da299f72dc416023d4.jpg', NULL, 0, NULL, NULL, 0, 0, 0, 0, 0, 0, 0, 0, 0, 0, NULL, '2022-11-18 23:59:46', '2023-02-23 21:10:53', 0),
	(29, 'Adonis', 'Chưa đặt tên', 'adonis@goquo.com', '', '$2a$05$BADCwsyFDCmTeUymyW3MNuonSQdM4YGliQ4W/pfPY3M2Zdg5QPagu', 'user', 'https://i.pinimg.com/564x/c6/e5/65/c6e56503cfdd87da299f72dc416023d4.jpg', NULL, 0, NULL, NULL, 0, 0, 0, 0, 0, 0, 0, 0, 0, 0, NULL, '2022-11-18 23:59:46', '2023-02-23 21:10:53', 0),
	(30, 'Juniper', 'Chưa đặt tên', 'juniper@goquo.com', '', '$2a$05$BADCwsyFDCmTeUymyW3MNuonSQdM4YGliQ4W/pfPY3M2Zdg5QPagu', 'user', 'https://i.pinimg.com/564x/c6/e5/65/c6e56503cfdd87da299f72dc416023d4.jpg', NULL, 0, NULL, NULL, 0, 0, 0, 0, 0, 0, 0, 0, 0, 0, '{"sort_price": true}', '2022-11-18 23:59:46', '2023-02-23 21:10:53', 0),
	(31, 'JacTravel', 'Chưa đặt tên', 'jactravel@goquo.com', '', '$2a$05$BADCwsyFDCmTeUymyW3MNuonSQdM4YGliQ4W/pfPY3M2Zdg5QPagu', 'user', 'https://i.pinimg.com/564x/c6/e5/65/c6e56503cfdd87da299f72dc416023d4.jpg', NULL, 0, NULL, NULL, 0, 0, 0, 0, 0, 0, 0, 0, 0, 0, NULL, '2022-11-18 23:59:46', '2023-02-23 21:10:53', 0),
	(32, 'APItude', 'Chưa đặt tên', 'apitude@goquo.com', '', '$2a$05$BADCwsyFDCmTeUymyW3MNuonSQdM4YGliQ4W/pfPY3M2Zdg5QPagu', 'user', 'https://i.pinimg.com/564x/c6/e5/65/c6e56503cfdd87da299f72dc416023d4.jpg', NULL, 0, NULL, NULL, 0, 0, 0, 0, 0, 0, 0, 0, 0, 0, NULL, '2022-11-18 23:59:46', '2023-02-23 21:10:53', 0),
	(33, 'TeamAmerica', 'Chưa đặt tên', 'teamamerica@goquo.com', '', '$2a$05$BADCwsyFDCmTeUymyW3MNuonSQdM4YGliQ4W/pfPY3M2Zdg5QPagu', 'user', 'https://i.pinimg.com/564x/c6/e5/65/c6e56503cfdd87da299f72dc416023d4.jpg', NULL, 0, NULL, NULL, 0, 0, 0, 0, 0, 0, 0, 0, 0, 0, NULL, '2022-11-18 23:59:46', '2023-02-23 21:10:53', 0),
	(34, 'HotelsPro', 'Chưa đặt tên', 'hotelspro@goquo.com', '', '$2a$05$BADCwsyFDCmTeUymyW3MNuonSQdM4YGliQ4W/pfPY3M2Zdg5QPagu', 'user', 'https://i.pinimg.com/564x/c6/e5/65/c6e56503cfdd87da299f72dc416023d4.jpg', NULL, 0, NULL, NULL, 0, 0, 0, 0, 0, 0, 0, 0, 0, 0, NULL, '2022-11-18 23:59:46', '2023-02-23 21:10:53', 0),
	(37, 'EAN', 'Chưa đặt tên', 'ean@goquo.com', '', '$2a$05$BADCwsyFDCmTeUymyW3MNuonSQdM4YGliQ4W/pfPY3M2Zdg5QPagu', 'user', 'https://i.pinimg.com/564x/c6/e5/65/c6e56503cfdd87da299f72dc416023d4.jpg', NULL, 0, NULL, NULL, 0, 0, 0, 0, 0, 0, 0, 0, 0, 0, NULL, '2022-11-18 23:59:46', '2023-02-23 21:10:53', 0),
	(40, 'Agoda', 'Chưa đặt tên', 'agoda@goquo.com', '', '$2a$05$BADCwsyFDCmTeUymyW3MNuonSQdM4YGliQ4W/pfPY3M2Zdg5QPagu', 'user', 'https://i.pinimg.com/564x/c6/e5/65/c6e56503cfdd87da299f72dc416023d4.jpg', NULL, 0, NULL, NULL, 0, 0, 0, 0, 0, 0, 0, 0, 0, 0, NULL, '2022-11-18 23:59:46', '2023-02-23 21:10:53', 0),
	(42, 'FIT', 'Chưa đặt tên', 'fit@goquo.com', '', '$2a$05$BADCwsyFDCmTeUymyW3MNuonSQdM4YGliQ4W/pfPY3M2Zdg5QPagu', 'user', 'https://i.pinimg.com/564x/c6/e5/65/c6e56503cfdd87da299f72dc416023d4.jpg', NULL, 0, NULL, NULL, 0, 0, 0, 0, 0, 0, 0, 0, 0, 0, NULL, '2022-11-18 23:59:46', '2023-02-23 21:10:53', 0),
	(44, 'TravelGate', 'Chưa đặt tên', 'travelgate@goquo.com', '', '$2a$05$BADCwsyFDCmTeUymyW3MNuonSQdM4YGliQ4W/pfPY3M2Zdg5QPagu', 'user', 'https://i.pinimg.com/564x/c6/e5/65/c6e56503cfdd87da299f72dc416023d4.jpg', NULL, 0, NULL, NULL, 0, 0, 0, 0, 0, 0, 0, 0, 0, 0, NULL, '2022-11-18 23:59:46', '2023-02-23 21:10:53', 0),
	(46, 'RoomsXML', 'Chưa đặt tên', 'roomsxml@goquo.com', '', '$2a$05$BADCwsyFDCmTeUymyW3MNuonSQdM4YGliQ4W/pfPY3M2Zdg5QPagu', 'user', 'https://i.pinimg.com/564x/c6/e5/65/c6e56503cfdd87da299f72dc416023d4.jpg', NULL, 0, NULL, NULL, 0, 0, 0, 0, 0, 0, 0, 0, 0, 0, NULL, '2022-11-18 23:59:46', '2023-02-23 21:10:53', 0),
	(47, 'DerbySoft', 'Chưa đặt tên', 'derbysoft@goquo.com', '', '$2a$05$BADCwsyFDCmTeUymyW3MNuonSQdM4YGliQ4W/pfPY3M2Zdg5QPagu', 'user', 'https://i.pinimg.com/564x/c6/e5/65/c6e56503cfdd87da299f72dc416023d4.jpg', NULL, 0, NULL, NULL, 0, 0, 0, 0, 0, 0, 0, 0, 0, 0, NULL, '2022-11-18 23:59:46', '2023-02-23 21:10:53', 0),
	(48, 'CNBooking', 'Chưa đặt tên', 'cnbooking@goquo.com', '', '$2a$05$BADCwsyFDCmTeUymyW3MNuonSQdM4YGliQ4W/pfPY3M2Zdg5QPagu', 'user', 'https://i.pinimg.com/564x/c6/e5/65/c6e56503cfdd87da299f72dc416023d4.jpg', NULL, 0, NULL, NULL, 0, 0, 0, 0, 0, 0, 0, 0, 0, 0, NULL, '2022-11-18 23:59:46', '2023-02-23 21:10:53', 0),
	(64, 'Phoenix Rotana ', 'Chưa đặt tên', 'rotana@goquo.com', '', '$2a$05$R1eDB2hpdHNb4TO/bGpvouuFNE7QWSA7LSaSIfyQsMBskYibnvm0W', 'user', 'https://i.pinimg.com/564x/c6/e5/65/c6e56503cfdd87da299f72dc416023d4.jpg', NULL, 0, NULL, NULL, 0, 0, 0, 0, 0, 0, 0, 0, 0, 0, NULL, '2022-11-18 23:59:46', '2023-02-23 21:10:53', 0),
	(100, 'Full Supplier', 'Chưa đặt tên', 'tuananh@goquo.com', '', '$2a$05$BADCwsyFDCmTeUymyW3MNuonSQdM4YGliQ4W/pfPY3M2Zdg5QPagu', 'user', 'https://i.pinimg.com/564x/c6/e5/65/c6e56503cfdd87da299f72dc416023d4.jpg', NULL, 0, NULL, NULL, 0, 0, 0, 0, 0, 0, 0, 0, 0, 0, NULL, '2022-11-18 23:59:46', '2023-02-23 21:10:53', 0),
	(102, 'Miki v7', 'Chưa đặt tên', 'mikiv7@goquo.com', '', '$2a$05$BADCwsyFDCmTeUymyW3MNuonSQdM4YGliQ4W/pfPY3M2Zdg5QPagu', 'user', 'https://i.pinimg.com/564x/c6/e5/65/c6e56503cfdd87da299f72dc416023d4.jpg', NULL, 0, NULL, NULL, 0, 0, 0, 0, 0, 0, 0, 0, 0, 0, NULL, '2022-11-18 23:59:46', '2023-02-23 21:10:53', 0),
	(103, 'Traveloka', 'Chưa đặt tên', 'traveloka@goquo.com', '', '$2a$05$BADCwsyFDCmTeUymyW3MNuonSQdM4YGliQ4W/pfPY3M2Zdg5QPagu', 'user', 'https://i.pinimg.com/564x/c6/e5/65/c6e56503cfdd87da299f72dc416023d4.jpg', NULL, 0, NULL, NULL, 0, 0, 0, 0, 0, 0, 0, 0, 0, 0, NULL, '2022-11-18 23:59:46', '2023-02-23 21:10:53', 0),
	(107, 'MRSP', 'Chưa đặt tên', 'mrsp@goquo.com', '', '$2a$05$BADCwsyFDCmTeUymyW3MNuonSQdM4YGliQ4W/pfPY3M2Zdg5QPagu', 'user', 'https://i.pinimg.com/564x/c6/e5/65/c6e56503cfdd87da299f72dc416023d4.jpg', NULL, 0, NULL, NULL, 0, 0, 0, 0, 0, 0, 0, 0, 0, 0, NULL, '2022-11-18 23:59:46', '2023-02-23 21:10:53', 0),
	(109, 'Admin', 'Chưa đặt tên', 'admin@goquo.com', '', '$2a$05$0Gym9OsnxS/E7VDd8AWg3O6706.d0zc0tZEXIuwJW2WQmd33CTDmy', 'admin', 'https://i.pinimg.com/564x/c6/e5/65/c6e56503cfdd87da299f72dc416023d4.jpg', NULL, 0, NULL, NULL, 0, 0, 0, 0, 0, 0, 0, 0, 0, 0, NULL, '2022-11-18 23:59:46', '2023-02-23 21:10:53', 0),
	(110, 'DidaTravel', 'Chưa đặt tên', 'dida@goquo.com', '', '$2a$05$BADCwsyFDCmTeUymyW3MNuonSQdM4YGliQ4W/pfPY3M2Zdg5QPagu', 'user', 'https://i.pinimg.com/564x/c6/e5/65/c6e56503cfdd87da299f72dc416023d4.jpg', NULL, 0, NULL, NULL, 0, 0, 0, 0, 0, 0, 0, 0, 0, 0, NULL, '2022-11-18 23:59:46', '2023-02-23 21:10:53', 0),
	(111, 'TBO Holiday', 'Chưa đặt tên', 'tbo@goquo.com', '', '$2a$05$BADCwsyFDCmTeUymyW3MNuonSQdM4YGliQ4W/pfPY3M2Zdg5QPagu', 'user', 'https://i.pinimg.com/564x/c6/e5/65/c6e56503cfdd87da299f72dc416023d4.jpg', NULL, 0, NULL, NULL, 0, 0, 0, 0, 0, 0, 0, 0, 0, 0, NULL, '2022-11-18 23:59:46', '2023-02-23 21:10:53', 0),
	(112, 'Etihad', 'Chưa đặt tên', 'etihad@goquo.com', '', '$2a$05$DDzq/g0Z3pFt4DYL5YbtH.xmpvtuKlmdcM9.oDxjp2ZmFJdaFdtRy', 'user', 'https://i.pinimg.com/564x/c6/e5/65/c6e56503cfdd87da299f72dc416023d4.jpg', NULL, 0, NULL, NULL, 0, 0, 0, 0, 0, 0, 0, 0, 0, 0, NULL, '2022-11-18 23:59:46', '2023-02-23 21:10:53', 0),
	(113, 'Etihad', 'Chưa đặt tên', 'etihadstopover@goquo.com', '', '$2a$05$BADCwsyFDCmTeUymyW3MNuonSQdM4YGliQ4W/pfPY3M2Zdg5QPagu', 'user', 'https://i.pinimg.com/564x/c6/e5/65/c6e56503cfdd87da299f72dc416023d4.jpg', NULL, 0, NULL, NULL, 0, 0, 0, 0, 0, 0, 0, 0, 0, 0, NULL, '2022-11-18 23:59:46', '2023-02-23 21:10:53', 0),
	(114, 'Phuong testing', 'Chưa đặt tên', 'phuong@goquo.com', '', '$2a$05$BADCwsyFDCmTeUymyW3MNuonSQdM4YGliQ4W/pfPY3M2Zdg5QPagu', 'user', 'https://i.pinimg.com/564x/c6/e5/65/c6e56503cfdd87da299f72dc416023d4.jpg', NULL, 0, NULL, NULL, 0, 0, 0, 0, 0, 0, 0, 0, 0, 0, NULL, '2022-11-18 23:59:46', '2023-02-23 21:10:53', 0),
	(115, 'Innstant', 'Chưa đặt tên', 'innstant@goquo.com', '', '$2a$05$BADCwsyFDCmTeUymyW3MNuonSQdM4YGliQ4W/pfPY3M2Zdg5QPagu', 'user', 'https://i.pinimg.com/564x/c6/e5/65/c6e56503cfdd87da299f72dc416023d4.jpg', NULL, 0, NULL, NULL, 0, 0, 0, 0, 0, 0, 0, 0, 0, 0, NULL, '2022-11-18 23:59:46', '2023-02-23 21:10:53', 0),
	(116, '', 'Chưa đặt tên', 'demo@goquo.com', '', '$2a$05$KsGw8XD3wMskKIN.0JPefeamjdW6R5wjEtsCVok9p4WGSWgbe6bb2', 'user', 'https://i.pinimg.com/564x/c6/e5/65/c6e56503cfdd87da299f72dc416023d4.jpg', NULL, 0, NULL, NULL, 0, 0, 0, 0, 0, 0, 0, 0, 0, 0, NULL, '2022-11-18 23:59:46', '2023-02-23 21:10:53', 0),
	(117, 'Travelogixx', 'Chưa đặt tên', 'travelogixx@goquo.com', '', '$2a$05$BADCwsyFDCmTeUymyW3MNuonSQdM4YGliQ4W/pfPY3M2Zdg5QPagu', 'user', 'https://i.pinimg.com/564x/c6/e5/65/c6e56503cfdd87da299f72dc416023d4.jpg', NULL, 0, NULL, NULL, 0, 0, 0, 0, 0, 0, 0, 0, 0, 0, NULL, '2022-11-18 23:59:46', '2023-02-23 21:10:53', 0),
	(119, 'Zumata', 'Chưa đặt tên', 'zumata@goquo.com', '', '$2a$05$BADCwsyFDCmTeUymyW3MNuonSQdM4YGliQ4W/pfPY3M2Zdg5QPagu', 'user', 'https://i.pinimg.com/564x/c6/e5/65/c6e56503cfdd87da299f72dc416023d4.jpg', NULL, 0, NULL, NULL, 0, 0, 0, 0, 0, 0, 0, 0, 0, 0, NULL, '2022-11-18 23:59:46', '2023-02-23 21:10:53', 0),
	(200, 'Upgrade MG V4', 'Chưa đặt tên', 'mgv4@goquo.com', '', '$2a$05$BADCwsyFDCmTeUymyW3MNuonSQdM4YGliQ4W/pfPY3M2Zdg5QPagu', 'user', 'https://i.pinimg.com/564x/c6/e5/65/c6e56503cfdd87da299f72dc416023d4.jpg', NULL, 0, NULL, NULL, 0, 0, 0, 0, 0, 0, 0, 0, 0, 0, NULL, '2022-11-18 23:59:46', '2023-02-23 21:10:53', 0),
	(201, 'Jalan', 'Chưa đặt tên', 'jalan@goquo.com', '', '$2a$05$BADCwsyFDCmTeUymyW3MNuonSQdM4YGliQ4W/pfPY3M2Zdg5QPagu', 'user', 'https://i.pinimg.com/564x/c6/e5/65/c6e56503cfdd87da299f72dc416023d4.jpg', NULL, 0, NULL, NULL, 0, 0, 0, 0, 0, 0, 0, 0, 0, 0, NULL, '2022-11-18 23:59:46', '2023-02-23 21:10:53', 0),
	(203, 'Getaroom', 'Chưa đặt tên', 'getaroom@goquo.com', '', '$2a$05$oiJGLljOYrBG.i8e4EpcwOvnb4Ufre8AVukuv9VKbkTGXsmd.3bgS', 'user', 'https://i.pinimg.com/564x/c6/e5/65/c6e56503cfdd87da299f72dc416023d4.jpg', NULL, 0, NULL, NULL, 0, 0, 0, 0, 0, 0, 0, 0, 0, 0, NULL, '2022-11-18 23:59:46', '2023-02-23 21:10:53', 0),
	(206, 'Expedia EAN Rapid', 'Chưa đặt tên', 'eps@goquo.com', '', '$2a$05$BADCwsyFDCmTeUymyW3MNuonSQdM4YGliQ4W/pfPY3M2Zdg5QPagu', 'user', 'https://i.pinimg.com/564x/c6/e5/65/c6e56503cfdd87da299f72dc416023d4.jpg', NULL, 0, NULL, NULL, 0, 0, 0, 0, 0, 0, 0, 0, 0, 0, NULL, '2022-11-18 23:59:46', '2023-02-23 21:10:53', 0),
	(207, 'EtiHad', 'Chưa đặt tên', 'etihadformular1@goquo.com', '', '$2a$05$BADCwsyFDCmTeUymyW3MNuonSQdM4YGliQ4W/pfPY3M2Zdg5QPagu', 'user', 'https://i.pinimg.com/564x/c6/e5/65/c6e56503cfdd87da299f72dc416023d4.jpg', NULL, 0, NULL, NULL, 0, 0, 0, 0, 0, 0, 0, 0, 0, 0, NULL, '2022-11-18 23:59:46', '2023-02-23 21:10:53', 0),
	(208, 'EtiHad', 'Chưa đặt tên', 'etihadaccommodation@goquo.com', '', '$2a$05$BADCwsyFDCmTeUymyW3MNuonSQdM4YGliQ4W/pfPY3M2Zdg5QPagu', 'user', 'https://i.pinimg.com/564x/c6/e5/65/c6e56503cfdd87da299f72dc416023d4.jpg', NULL, 0, NULL, NULL, 0, 0, 0, 0, 0, 0, 0, 0, 0, 0, NULL, '2022-11-18 23:59:46', '2023-02-23 21:10:53', 0),
	(209, 'EtiHad', 'Chưa đặt tên', 'etihadpremiumstopover', '', '$2a$05$BADCwsyFDCmTeUymyW3MNuonSQdM4YGliQ4W/pfPY3M2Zdg5QPagu', 'user', 'https://i.pinimg.com/564x/c6/e5/65/c6e56503cfdd87da299f72dc416023d4.jpg', NULL, 0, NULL, NULL, 0, 0, 0, 0, 0, 0, 0, 0, 0, 0, NULL, '2022-11-18 23:59:46', '2023-02-23 21:10:53', 0),
	(216, 'Precise Travel', 'Chưa đặt tên', 'precise@goquo.com', '', '$2a$05$q8Kg6Hax9.Z9yxADDyUxpeCthZBYcMmLT/d3nzIR/tqoDLg7l1FYG', 'user', 'https://i.pinimg.com/564x/c6/e5/65/c6e56503cfdd87da299f72dc416023d4.jpg', NULL, 0, NULL, NULL, 0, 0, 0, 0, 0, 0, 0, 0, 0, 0, NULL, '2022-11-18 23:59:46', '2023-02-23 21:10:53', 0),
	(219, 'Hilton', 'Chưa đặt tên', 'hilton@goquo.com', '', '$2a$05$.9ECdEQqErhd9CUaMtQyFOQmp9TshL6tMDQ5zEQaiMFmdyzS24PX2', 'user', 'https://i.pinimg.com/564x/c6/e5/65/c6e56503cfdd87da299f72dc416023d4.jpg', NULL, 0, NULL, NULL, 0, 0, 0, 0, 0, 0, 0, 0, 0, 0, NULL, '2022-11-18 23:59:46', '2023-02-23 21:10:53', 0),
	(222, 'IndoStars', 'Chưa đặt tên', 'indostars@goquo.com', '', '$2a$05$SxkhFVEoAGPi2idQVlvDzurpS/R5thbRqLBTQQqeEY/G2gqoQi7pa', 'user', 'https://i.pinimg.com/564x/c6/e5/65/c6e56503cfdd87da299f72dc416023d4.jpg', NULL, 0, NULL, NULL, 0, 0, 0, 0, 0, 0, 0, 0, 0, 0, NULL, '2022-11-18 23:59:46', '2023-02-23 21:10:53', 0),
	(223, 'Royal Brunei', 'Chưa đặt tên', 'rba@goquo.com', '', '$2a$05$JME753H3vlMmROmBLtX7eOzmtWELobTDDVE7fg3wVjGe4o8kNcOx6', 'user', 'https://i.pinimg.com/564x/c6/e5/65/c6e56503cfdd87da299f72dc416023d4.jpg', NULL, 0, NULL, NULL, 0, 0, 0, 0, 0, 0, 0, 0, 0, 0, NULL, '2022-11-18 23:59:46', '2023-02-23 21:10:53', 0),
	(224, 'bayu', 'Chưa đặt tên', 'bayu@goquo.com', '', '$2a$05$AJMZGY4vohyjrObP4LhbF.7Ez1GETFs.mQ4XJ6YupSa0VwNs2OPES', 'user', 'https://i.pinimg.com/564x/c6/e5/65/c6e56503cfdd87da299f72dc416023d4.jpg', NULL, 0, NULL, NULL, 0, 0, 0, 0, 0, 0, 0, 0, 0, 0, NULL, '2022-11-18 23:59:46', '2023-02-23 21:10:53', 0),
	(225, 'HKE', 'Chưa đặt tên', 'hke@goquo.com', '', '$2a$05$t1WmWA9XExv4hwFv5RDvg.R1if7sDWnry3RzbgOZt0dFHK7a87m1y', 'user', 'https://i.pinimg.com/564x/c6/e5/65/c6e56503cfdd87da299f72dc416023d4.jpg', NULL, 0, NULL, NULL, 0, 0, 0, 0, 0, 0, 0, 0, 0, 0, NULL, '2022-11-18 23:59:46', '2023-02-23 21:10:53', 0),
	(226, 'HKA', 'Chưa đặt tên', 'hka@goquo.com', '', '$2a$05$zNXHROJHOyc/cOjcQPEioeba9J.mUJltHJC7SbIwidd.qcgClwpIK', 'user', 'https://i.pinimg.com/564x/c6/e5/65/c6e56503cfdd87da299f72dc416023d4.jpg', NULL, 0, NULL, NULL, 0, 0, 0, 0, 0, 0, 0, 0, 0, 0, NULL, '2022-11-18 23:59:46', '2023-02-23 21:10:53', 0),
	(227, 'Chat Bot', 'Chưa đặt tên', 'chatbot@goquo.com', '', '$2a$05$BADCwsyFDCmTeUymyW3MNuonSQdM4YGliQ4W/pfPY3M2Zdg5QPagu', 'user', 'https://i.pinimg.com/564x/c6/e5/65/c6e56503cfdd87da299f72dc416023d4.jpg', NULL, 0, NULL, NULL, 0, 0, 0, 0, 0, 0, 0, 0, 0, 0, NULL, '2022-11-18 23:59:46', '2023-02-23 21:10:53', 0),
	(229, 'cheapflightbooking@goquo.com', 'Chưa đặt tên', 'cheapflightbooking@goquo.com', '', '$2a$05$mlV7SFQpOoJsE6iJdi7Fy.Dsny5ECGU7MoOl387S7NLpelJ4Yz3s.', 'user', 'https://i.pinimg.com/564x/c6/e5/65/c6e56503cfdd87da299f72dc416023d4.jpg', NULL, 0, NULL, NULL, 0, 0, 0, 0, 0, 0, 0, 0, 0, 0, NULL, '2022-11-18 23:59:46', '2023-02-23 21:10:53', 0),
	(230, 'Oman', 'Chưa đặt tên', 'oman@goquo.com', '', '$2a$05$uybHSzPE8NX8j8xBHrgNY.oGrZz7Hn.1GWqFm72VwBM/SAs7ZVmZq', 'user', 'https://i.pinimg.com/564x/c6/e5/65/c6e56503cfdd87da299f72dc416023d4.jpg', NULL, 0, NULL, NULL, 0, 0, 0, 0, 0, 0, 0, 0, 0, 0, NULL, '2022-11-18 23:59:46', '2023-02-23 21:10:53', 0),
	(231, 'Omanair', 'Chưa đặt tên', 'omanair@goquo.com', '', '$2a$05$1v6AA4xPaKLwzEyPBrVi1eyC2PJcR1Bo3cUk7E344W0esZs7nSghy', 'user', 'https://i.pinimg.com/564x/c6/e5/65/c6e56503cfdd87da299f72dc416023d4.jpg', NULL, 0, NULL, NULL, 0, 0, 0, 0, 0, 0, 0, 0, 0, 0, NULL, '2022-11-18 23:59:46', '2023-02-23 21:10:53', 0),
	(232, 'BookCabin', 'Chưa đặt tên', 'piknik@goquo.com', '', '$2a$05$Wdnon6VscvLcIOyHWOIRcevIrVkAFgQNFtuzKtjwcJmY6UnQaTk3S', 'user', 'https://i.pinimg.com/564x/c6/e5/65/c6e56503cfdd87da299f72dc416023d4.jpg', NULL, 0, NULL, NULL, 0, 0, 0, 0, 0, 0, 0, 0, 0, 0, NULL, '2022-11-18 23:59:46', '2023-02-23 21:10:53', 0),
	(233, 'vacay', 'Chưa đặt tên', 'vacay@goquo.com', '', '$2a$05$KQ6.knUB.SE1hUoM/gmduebHf5U4LFiwA.t6ulrO4dbnm8j6rIcmi', 'user', 'https://i.pinimg.com/564x/c6/e5/65/c6e56503cfdd87da299f72dc416023d4.jpg', NULL, 0, NULL, NULL, 0, 0, 0, 0, 0, 0, 0, 0, 0, 0, NULL, '2022-11-18 23:59:46', '2023-02-23 21:10:53', 0),
	(234, 'India Team', 'Chưa đặt tên', 'india@goquo.com', '', '$2a$05$ZBEnk.eer/tfPfMEIZizgOZzb0OyN3LS0foSiU10iVbbOMM6Sps8C', 'user', 'https://i.pinimg.com/564x/c6/e5/65/c6e56503cfdd87da299f72dc416023d4.jpg', NULL, 0, NULL, NULL, 0, 0, 0, 0, 0, 0, 0, 0, 0, 0, NULL, '2022-11-18 23:59:46', '2023-02-23 21:10:53', 0),
	(235, 'Marriott', 'Chưa đặt tên', 'marriott@goquo.com', '', '$2a$05$dukbRVd8mAc5pdu6hKxIVux72zXxuHDRzrrWbTSIowPMQLkLwltZC', 'user', 'https://i.pinimg.com/564x/c6/e5/65/c6e56503cfdd87da299f72dc416023d4.jpg', NULL, 0, NULL, NULL, 0, 0, 0, 0, 0, 0, 0, 0, 0, 0, '{"availability_restriction": true}', '2022-11-18 23:59:46', '2023-02-23 21:10:53', 0),
	(237, 'trongns', 'Chưa đặt tên', 'trongns@phoenixsoftgroup.com', '', '$2a$05$3hZs9QoQymLsDq23UuyKXOwoTCrgx/mdWn2kGpcbPjeTFgLufuWG.', 'user', 'https://i.pinimg.com/564x/c6/e5/65/c6e56503cfdd87da299f72dc416023d4.jpg', NULL, 0, NULL, NULL, 0, 0, 0, 0, 0, 0, 0, 0, 0, 0, NULL, '2022-11-18 23:59:46', '2023-02-23 21:10:53', 0),
	(238, 'phoenix', 'Chưa đặt tên', 'phoenix@goquo.com', '', '$2a$05$3hZs9QoQymLsDq23UuyKXOwoTCrgx/mdWn2kGpcbPjeTFgLufuWG.', 'user', 'https://i.pinimg.com/564x/c6/e5/65/c6e56503cfdd87da299f72dc416023d4.jpg', NULL, 0, NULL, NULL, 0, 0, 0, 0, 0, 0, 0, 0, 0, 0, NULL, '2022-11-18 23:59:46', '2023-02-23 21:10:53', 0),
	(240, 'Accor', 'Chưa đặt tên', 'accor@goquo.com', '', '$2a$05$dukbRVd8mAc5pdu6hKxIVux72zXxuHDRzrrWbTSIowPMQLkLwltZC', 'user', 'https://i.pinimg.com/564x/c6/e5/65/c6e56503cfdd87da299f72dc416023d4.jpg', NULL, 0, NULL, NULL, 0, 0, 0, 0, 0, 0, 0, 0, 0, 0, NULL, '2022-11-18 23:59:46', '2023-02-23 21:10:53', 0),
	(241, 'ulstopover', 'Chưa đặt tên', 'ulstopover@goquo.com', '', '$2a$05$/vdZe6gDWMgwLrSFy.iBNuwnswbS1wW.a5wbvC/N7Rt78g9/Dqif2', 'user', 'https://i.pinimg.com/564x/c6/e5/65/c6e56503cfdd87da299f72dc416023d4.jpg', NULL, 0, NULL, NULL, 0, 0, 0, 0, 0, 0, 0, 0, 0, 0, NULL, '2022-11-18 23:59:46', '2023-02-23 21:10:53', 0),
	(242, 'Gateway', 'Chưa đặt tên', 'gw@goquo.com', '', '$2a$05$/vdZe6gDWMgwLrSFy.iBNuwnswbS1wW.a5wbvC/N7Rt78g9/Dqif2', 'user', 'https://i.pinimg.com/564x/c6/e5/65/c6e56503cfdd87da299f72dc416023d4.jpg', NULL, 0, NULL, NULL, 0, 0, 0, 0, 0, 0, 0, 0, 0, 0, NULL, '2022-11-18 23:59:46', '2023-02-23 21:10:53', 0),
	(243, 'ulstopoverpplp@goquo.com', 'Chưa đặt tên', 'ulstopoverpplp@goquo.com', '', '$2a$05$ESXpocMFR0rsYnauUV5Ei.pw82rVNLZgCjemfU4Zhwo9qVffEPD96', 'user', 'https://i.pinimg.com/564x/c6/e5/65/c6e56503cfdd87da299f72dc416023d4.jpg', NULL, 0, NULL, NULL, 0, 0, 0, 0, 0, 0, 0, 0, 0, 0, NULL, '2022-11-18 23:59:46', '2023-02-23 21:10:53', 0),
	(244, 'GWDEV', 'Chưa đặt tên', 'gwdev@goquo.com', '', '$2a$05$3nctDQypopbrdUJVWey8UOonXLeyCSUts1qpit9ohs.xz0GorKvA6', 'user', 'https://i.pinimg.com/564x/c6/e5/65/c6e56503cfdd87da299f72dc416023d4.jpg', NULL, 0, NULL, NULL, 0, 0, 0, 0, 0, 0, 0, 0, 0, 0, NULL, '2022-11-18 23:59:46', '2023-02-23 21:10:53', 0),
	(245, 'Etihad ehub 1', 'Chưa đặt tên', 'etihadehub@goquo.com', '', '$2a$05$BADCwsyFDCmTeUymyW3MNuonSQdM4YGliQ4W/pfPY3M2Zdg5QPagu', 'user', 'https://i.pinimg.com/564x/c6/e5/65/c6e56503cfdd87da299f72dc416023d4.jpg', NULL, 0, NULL, NULL, 0, 0, 0, 0, 0, 0, 0, 0, 0, 0, NULL, '2022-11-18 23:59:46', '2023-02-23 21:10:53', 0),
	(246, 'Experience Hub', 'Chưa đặt tên', 'ehub@goquo.com', '', '$2a$05$dukbRVd8mAc5pdu6hKxIVux72zXxuHDRzrrWbTSIowPMQLkLwltZC', 'user', 'https://i.pinimg.com/564x/c6/e5/65/c6e56503cfdd87da299f72dc416023d4.jpg', NULL, 0, NULL, NULL, 0, 0, 0, 0, 0, 0, 0, 0, 0, 0, NULL, '2022-11-18 23:59:46', '2023-02-23 21:10:53', 0),
	(248, 'air asia', 'Chưa đặt tên', 'airasia-staging@goquo.com', '', '$2a$05$J.M00Tz5NBZrnytEv6KSh.ytWu/9UHflYWgSnMdc2oR6Ue.KjFFKy', 'user', 'https://i.pinimg.com/564x/c6/e5/65/c6e56503cfdd87da299f72dc416023d4.jpg', NULL, 0, NULL, NULL, 0, 0, 0, 0, 0, 0, 0, 0, 0, 0, NULL, '2022-11-18 23:59:46', '2023-02-23 21:10:53', 0),
	(249, 'Anixe', 'Chưa đặt tên', 'anixe@goquo.com', '', '$2a$05$ploOsxGBialV10p7JWaNieMk0i9Wn5NTzS9vxa7GUmFubdMARI65C', 'user', 'https://i.pinimg.com/564x/c6/e5/65/c6e56503cfdd87da299f72dc416023d4.jpg', NULL, 0, NULL, NULL, 0, 0, 0, 0, 0, 0, 0, 0, 0, 0, NULL, '2022-11-18 23:59:46', '2023-02-23 21:10:53', 0),
	(250, 'travelspeedia', 'Chưa đặt tên', 'travelspeedia@goquo.com', '', '$2a$05$RLdxaK4Brpgt/joJ6NkhW.dLl4erg7wdRWDwAAVgjgQO.GUhx4ype', 'user', 'https://i.pinimg.com/564x/c6/e5/65/c6e56503cfdd87da299f72dc416023d4.jpg', NULL, 0, NULL, NULL, 0, 0, 0, 0, 0, 0, 0, 0, 0, 0, NULL, '2022-11-18 23:59:46', '2023-02-23 21:10:53', 0),
	(251, 'mhhstopover', 'Chưa đặt tên', 'mhhstopover@goquo.com', '', '$2a$05$KBKZmJF118NPFcDWn1IDQuICBB2TvqbWaeVL2CWOhge4SKwriGw7.', 'user', 'https://i.pinimg.com/564x/c6/e5/65/c6e56503cfdd87da299f72dc416023d4.jpg', NULL, 0, NULL, NULL, 0, 0, 0, 0, 0, 0, 0, 0, 0, 0, NULL, '2022-11-18 23:59:46', '2023-02-23 21:10:53', 0),
	(252, 'sandbox', 'Chưa đặt tên', 'sandbox@goquo.com', '', '$2a$05$dizBCfkaL4QAcgMEx2JXa.IJhn0kYSwfla8b/hXTJ/NwgAEIONV6G', 'user', 'https://i.pinimg.com/564x/c6/e5/65/c6e56503cfdd87da299f72dc416023d4.jpg', NULL, 0, NULL, NULL, 0, 0, 0, 0, 0, 0, 0, 0, 0, 0, NULL, '2022-11-18 23:59:46', '2023-02-23 21:10:53', 0),
	(253, 'epseyh@goquo.com', 'Chưa đặt tên', 'epseyh@goquo.com', '', '$2a$05$kQcubxHvVVDJlGUxCDD/reyGE56BfdN60E7L60ndGU2DnT7TMjVbm', 'user', 'https://i.pinimg.com/564x/c6/e5/65/c6e56503cfdd87da299f72dc416023d4.jpg', NULL, 0, NULL, NULL, 0, 0, 0, 0, 0, 0, 0, 0, 0, 0, NULL, '2022-11-18 23:59:46', '2023-02-23 21:10:53', 0),
	(254, 'dat', 'Chưa đặt tên', 'datnguyen@goquo.com', '', '$2a$05$fiwhYsf46nSZERyL38qIRumjnFxYCnNOLGYUtkHUMjy2wvwO295h6', 'user', 'https://i.pinimg.com/564x/c6/e5/65/c6e56503cfdd87da299f72dc416023d4.jpg', NULL, 0, NULL, NULL, 0, 0, 0, 0, 0, 0, 0, 0, 0, 0, NULL, '2022-11-18 23:59:46', '2023-02-23 21:10:53', 0),
	(255, 'vuanhtu', 'Chưa đặt tên', 'vuanhtu@goquo.com', '', '$2a$05$0N9Wth.3DhXiIsRKV4NWBOxiq7uKE32htz7wBYl1sdRb5TvzcLaIy', 'user', 'https://i.pinimg.com/564x/c6/e5/65/c6e56503cfdd87da299f72dc416023d4.jpg', NULL, 0, NULL, NULL, 0, 0, 0, 0, 0, 0, 0, 0, 0, 0, NULL, '2022-11-18 23:59:46', '2023-02-23 21:10:53', 0),
	(256, 'dinhdx@goquo.com', 'Chưa đặt tên', 'dinhdx@goquo.com', '', '$2a$05$s9HD4v7CRf2IQKSa7eIYx.nm9e1TuSMvNh18OkAwE/EaBSxSaKYp.', 'user', 'https://i.pinimg.com/564x/c6/e5/65/c6e56503cfdd87da299f72dc416023d4.jpg', NULL, 0, NULL, NULL, 0, 0, 0, 0, 0, 0, 0, 0, 0, 0, '{"extra_cancellation": true}', '2022-11-18 23:59:46', '2023-02-23 21:10:53', 0),
	(257, 'dinhdx2@goquo.com', 'Chưa đặt tên', 'dinhdx2@goquo.com', '', '$2a$05$IJaTdw.gxSa2RorX8RuZq.VJ4kBLC./hBWh8DMeSXiPJ6pnkE6gWu', 'user', 'https://i.pinimg.com/564x/c6/e5/65/c6e56503cfdd87da299f72dc416023d4.jpg', NULL, 0, NULL, NULL, 0, 0, 0, 0, 0, 0, 0, 0, 0, 0, NULL, '2022-11-18 23:59:46', '2023-02-23 21:10:53', 0),
	(258, 'dinhdx888@goquo.com', 'Chưa đặt tên', 'dinhdx888@goquo.com', '', '$2a$05$jjj2ZgNvNDMZ8mCDht3yTem9DagiQ6CX6tWa/zj853.2sqroRh35.', 'user', 'https://i.pinimg.com/564x/c6/e5/65/c6e56503cfdd87da299f72dc416023d4.jpg', NULL, 0, NULL, NULL, 0, 0, 0, 0, 0, 0, 0, 0, 0, 0, NULL, '2022-11-18 23:59:46', '2023-02-23 21:10:53', 1),
	(259, 'asdsad', 'Chưa đặt tên', 'ad@fsdf.sd', '', '$2a$05$080w5uhzp9.ax/k4XHbRNeR/OPaU6PuPBv4Sj1T.CFZoyGHcZsf0y', 'user', 'https://i.pinimg.com/564x/c6/e5/65/c6e56503cfdd87da299f72dc416023d4.jpg', NULL, 0, NULL, NULL, 0, 0, 0, 0, 0, 0, 0, 0, 0, 0, NULL, '2022-11-18 23:59:46', '2023-02-23 21:10:53', 1),
	(260, 'testtesttest', 'Chưa đặt tên', 'testtesttest@goquo.com', '', '$2a$05$4KHneLa6xIVy/6KWnIYZM.EPIk3DaZ13YBw9xD2ObMO0JafEr8QkK', 'user', 'https://i.pinimg.com/564x/c6/e5/65/c6e56503cfdd87da299f72dc416023d4.jpg', NULL, 0, NULL, NULL, 0, 0, 0, 0, 0, 0, 0, 0, 0, 0, NULL, '2022-11-18 23:59:46', '2023-02-23 21:10:53', 1),
	(261, 'RBAStopover', 'Chưa đặt tên', 'rbastopover@goquo.com', '', '$2a$05$BLCvk4MexmVLCLcgVq6F5.HBHAjz1VxNkea.4qjb0oQ0km2747X3e', 'user', 'https://i.pinimg.com/564x/c6/e5/65/c6e56503cfdd87da299f72dc416023d4.jpg', NULL, 0, NULL, NULL, 0, 0, 0, 0, 0, 0, 0, 0, 0, 0, NULL, '2022-11-18 23:59:46', '2023-02-23 21:10:53', 0),
	(262, 'qr@goquo.com', 'Chưa đặt tên', 'qr@goquo.com', '', '$2a$05$qcgU9NO9TYoZ5hm6Z59A6uHmB/4MzPtp4YVYYrz6tb8anxhc.qbRC', 'user', 'https://i.pinimg.com/564x/c6/e5/65/c6e56503cfdd87da299f72dc416023d4.jpg', NULL, 0, NULL, NULL, 0, 0, 0, 0, 0, 0, 0, 0, 0, 0, '{"sort_price": true}', '2022-11-18 23:59:46', '2023-02-23 21:10:53', 0),
	(263, 'TripBundleStopOver', 'Chưa đặt tên', 'TripBundleStopOver@goquo.com', '', '$2a$05$.bG6Wr7HM1wZ1nMjYbGuYu2s8d7H8Hp.lY3Ls2VbX4dYJbgxcepiO', 'user', 'https://i.pinimg.com/564x/c6/e5/65/c6e56503cfdd87da299f72dc416023d4.jpg', NULL, 0, NULL, NULL, 0, 0, 0, 0, 0, 0, 0, 0, 0, 0, NULL, '2022-11-18 23:59:46', '2023-02-23 21:10:53', 0),
	(264, 'RMS', 'Chưa đặt tên', 'rms@goquo.com', '', '$2a$05$dxrKM5llmE8dxao8wc7A3uHW0woZYLz3xOctHPbvf1sXzb0Yt2pd6', 'user', 'https://i.pinimg.com/564x/c6/e5/65/c6e56503cfdd87da299f72dc416023d4.jpg', NULL, 0, NULL, NULL, 0, 0, 0, 0, 0, 0, 0, 0, 0, 0, NULL, '2022-11-18 23:59:46', '2023-02-23 21:10:53', 0),
	(265, 'BambooAirways', 'Chưa đặt tên', 'BambooAirways@goquo.com', '', '$2a$05$mSv0QlN/jq4Te5oS5LmswOQTaiKnENKEb8SfDgV3BSoFfUmv19mxC', 'user', 'https://i.pinimg.com/564x/c6/e5/65/c6e56503cfdd87da299f72dc416023d4.jpg', NULL, 0, NULL, NULL, 0, 0, 0, 0, 0, 0, 0, 0, 0, 0, '{"extra_cancellation": true}', '2022-11-18 23:59:46', '2023-02-23 21:10:53', 0),
	(266, 'QRH Stopover', 'Chưa đặt tên', 'stopover@qrh.com', '', '$2a$05$VSPD6DEXYM9NLydQMvvq4OzRNtkLDw2I.ERguWuyS7.uIEGWm1bCG', 'user', 'https://i.pinimg.com/564x/c6/e5/65/c6e56503cfdd87da299f72dc416023d4.jpg', NULL, 0, NULL, NULL, 0, 0, 0, 0, 0, 0, 0, 0, 0, 0, NULL, '2022-11-18 23:59:46', '2023-02-23 21:10:53', 0),
	(267, 'dhoof@easygds.com', 'Chưa đặt tên', 'dhoof@easygds.com', '', '$2a$05$LElZP1lar4RIe62JeusZPOldSLdoEOUsj5BEr11VSlX4VZdl8YS5e', 'user', 'https://i.pinimg.com/564x/c6/e5/65/c6e56503cfdd87da299f72dc416023d4.jpg', NULL, 0, NULL, NULL, 0, 0, 0, 0, 0, 0, 0, 0, 0, 0, NULL, '2022-11-18 23:59:46', '2023-02-23 21:10:53', 0),
	(268, 'qtechholiday@goquo.com', 'Chưa đặt tên', 'qtechholiday@goquo.com', '', '$2a$05$BADCwsyFDCmTeUymyW3MNuonSQdM4YGliQ4W/pfPY3M2Zdg5QPagu', 'user', 'https://i.pinimg.com/564x/c6/e5/65/c6e56503cfdd87da299f72dc416023d4.jpg', NULL, 0, NULL, NULL, 0, 0, 0, 0, 0, 0, 0, 0, 0, 0, NULL, '2022-11-18 23:59:46', '2023-02-23 21:10:53', 0),
	(269, 'aoteam@goquo.com', 'Chưa đặt tên', 'aoteam@goquo.com', '', '$2a$05$8bqJwk8OkNpStSri3ybqo.Ngb1gcQgiSC1RZy2FboPmjC1SkQu.z6', 'user', 'https://i.pinimg.com/564x/c6/e5/65/c6e56503cfdd87da299f72dc416023d4.jpg', NULL, 0, NULL, NULL, 0, 0, 0, 0, 0, 0, 0, 0, 0, 0, NULL, '2022-11-18 23:59:46', '2023-02-23 21:10:53', 0),
	(270, 'MGJarvis', 'Chưa đặt tên', 'mgjarvis@goquo.com', '', '$2a$05$da8QkVxOsDIKc5xN6Nbx..pfvx1WTEz60bwsA0lUQZCl/RKTsrraS', 'user', 'https://i.pinimg.com/564x/c6/e5/65/c6e56503cfdd87da299f72dc416023d4.jpg', NULL, 0, NULL, NULL, 0, 0, 0, 0, 0, 0, 0, 0, 0, 0, NULL, '2022-11-18 23:59:46', '2023-02-23 21:10:53', 0),
	(271, 'tuiao@goquo.com', 'Chưa đặt tên', 'tuiao@goquo.com', '', '$2a$05$0Tv/VuqRgjLEct1WlH/HsuVBAz44fotx80vghDCkfBKlDyPHVLYpq', 'user', 'https://i.pinimg.com/564x/c6/e5/65/c6e56503cfdd87da299f72dc416023d4.jpg', NULL, 0, NULL, NULL, 0, 0, 0, 0, 0, 0, 0, 0, 0, 0, NULL, '2022-11-18 23:59:46', '2023-02-23 21:10:53', 0),
	(272, 'hoanganh', 'Chưa đặt tên', 'luonghoanganh2711@gmail.com', '', '$2a$05$w2bfj9d.D1apxXfTnsB3L.tOHcW53ief.cEGtwT4sRVLHOV4Jy5xi', 'user', 'https://i.pinimg.com/564x/c6/e5/65/c6e56503cfdd87da299f72dc416023d4.jpg', NULL, 0, NULL, NULL, 0, 0, 0, 0, 0, 0, 0, 0, 0, 0, NULL, '2022-11-18 23:59:46', '2023-02-23 21:10:53', 0),
	(273, 'Etihad EPS PKG', 'Chưa đặt tên', 'etihad_eps_pkg@goquo.com', '', '$2a$05$NVdoVLYbYXnIsuLTiqE/CejJ5N9JQbtFgEL07Kn6SeKJ6ZwNNU4Ga', 'user', 'https://i.pinimg.com/564x/c6/e5/65/c6e56503cfdd87da299f72dc416023d4.jpg', NULL, 0, NULL, NULL, 0, 0, 0, 0, 0, 0, 0, 0, 0, 0, NULL, '2022-11-18 23:59:46', '2023-02-23 21:10:53', 0),
	(274, 'Etihad EPS SA', 'Chưa đặt tên', 'etihad_eps_sa@goquo.com', '', '$2a$05$RHANoS.AxOXBlp99Yw.JmeT8C900SWtgTIvxgK3vtg.U5XL9ObHZS', 'user', 'https://i.pinimg.com/564x/c6/e5/65/c6e56503cfdd87da299f72dc416023d4.jpg', NULL, 0, NULL, NULL, 0, 0, 0, 0, 0, 0, 0, 0, 0, 0, NULL, '2022-11-18 23:59:46', '2023-02-23 21:10:53', 0),
	(275, 'andres@turismocity.com', 'Chưa đặt tên', 'andres@turismocity.com', '', '$2a$05$VT838CDSK6mZhLurjl98Zeq8JLXuzmGvwsrPXp3EhH99Tq79qXKCW', 'user', 'https://i.pinimg.com/564x/c6/e5/65/c6e56503cfdd87da299f72dc416023d4.jpg', NULL, 0, NULL, NULL, 0, 0, 0, 0, 0, 0, 0, 0, 0, 0, NULL, '2022-11-18 23:59:46', '2023-02-23 21:10:53', 0),
	(276, 'hoangnd', 'Chưa đặt tên', 'hoangnd@goquo.com', '', '$2a$05$s9HD4v7CRf2IQKSa7eIYx.nm9e1TuSMvNh18OkAwE/EaBSxSaKYp.', 'user', 'https://i.pinimg.com/564x/c6/e5/65/c6e56503cfdd87da299f72dc416023d4.jpg', NULL, 0, NULL, NULL, 0, 0, 0, 0, 0, 0, 0, 0, 0, 0, NULL, '2022-11-18 23:59:46', '2023-02-23 21:10:53', 0),
	(277, 'hotelInfoMapping', 'Chưa đặt tên', 'hotelInfoMapping@goquo.com', '', '$2a$05$U/tmnwTwgzqbwMZyQdWD5uyQnBtVjCcwIfwhd7gytW.Z3UWIOEfj2', 'user', 'https://i.pinimg.com/564x/c6/e5/65/c6e56503cfdd87da299f72dc416023d4.jpg', NULL, 0, NULL, NULL, 0, 0, 0, 0, 0, 0, 0, 0, 0, 0, NULL, '2022-11-18 23:59:46', '2023-02-23 21:10:53', 1),
	(278, 'test', 'Chưa đặt tên', 'test@gmail.com', '', '$2a$05$HJDMdMXGGj6/vTmi6Yv.UeC72R/kGnYZM0G1LAHtUGaniuy5dRkS.', 'user', 'https://i.pinimg.com/564x/c6/e5/65/c6e56503cfdd87da299f72dc416023d4.jpg', NULL, 0, NULL, NULL, 0, 0, 0, 0, 0, 0, 0, 0, 0, 0, NULL, '2022-11-18 23:59:46', '2023-02-23 21:10:53', 0),
	(279, 'tuimy@goquo.com', 'Chưa đặt tên', 'tuimy@goquo.com', '', '$2a$05$47P7pOlQC/cXOAJ5Kyc9yeslZYgvE.8GC0wLjDOr9Pj.v07S5DLzK', 'user', 'https://i.pinimg.com/564x/c6/e5/65/c6e56503cfdd87da299f72dc416023d4.jpg', NULL, 0, NULL, NULL, 0, 0, 0, 0, 0, 0, 0, 0, 0, 0, NULL, '2022-11-18 23:59:46', '2023-02-23 21:10:53', 0),
	(280, 'vinpearltest', 'Chưa đặt tên', 'vinpearltest@gmail.com', '', '$2a$05$Q4gHqmAO7R0hloROrtczNOYrzcB9C46At5BN5mVq4s1G9TAxaVkmm', 'user', 'https://i.pinimg.com/564x/c6/e5/65/c6e56503cfdd87da299f72dc416023d4.jpg', NULL, 0, NULL, NULL, 0, 0, 0, 0, 0, 0, 0, 0, 0, 0, NULL, '2022-11-18 23:59:46', '2023-02-23 21:10:53', 0),
	(281, 'tuiao_jp@goquo.io', 'Chưa đặt tên', 'tuiao_jp@goquo.io', '', '$2a$05$eMKBfox9r0zbLJx/AgK3Wueco0vXS4JC3SugU/ISXrQXXElnwB7gC', 'user', 'https://i.pinimg.com/564x/c6/e5/65/c6e56503cfdd87da299f72dc416023d4.jpg', NULL, 0, NULL, NULL, 0, 0, 0, 0, 0, 0, 0, 0, 0, 0, NULL, '2022-11-18 23:59:46', '2023-02-23 21:10:53', 0),
	(282, 'QA team', 'Chưa đặt tên', 'qateam@goquo.com', '', '$2a$05$u1cRrbKfGGLcTEMIV3nphenvzW8JWxeEb8uTd5stS9eMfyckey7HO', 'user', 'https://i.pinimg.com/564x/c6/e5/65/c6e56503cfdd87da299f72dc416023d4.jpg', NULL, 0, NULL, NULL, 0, 0, 0, 0, 0, 0, 0, 0, 0, 0, NULL, '2022-11-18 23:59:46', '2023-02-23 21:10:53', 1),
	(283, 'tourtest', 'Chưa đặt tên', 'tourtest@gmail.com', '', '$2a$05$wpFNCn.CyInSrf0n8g4Sie1NOeDMbkvmCHMa3s/xjS32YxH8h4hYm', 'user', 'https://i.pinimg.com/564x/c6/e5/65/c6e56503cfdd87da299f72dc416023d4.jpg', NULL, 0, NULL, NULL, 0, 0, 0, 0, 0, 0, 0, 0, 0, 0, NULL, '2022-11-18 23:59:46', '2023-02-23 21:10:53', 0),
	(284, 'UNIT TEST EPS', 'Chưa đặt tên', 'unittest_eps@goquo.com', '', '$2a$05$R0wkM9WHYLRQXW7XgPZga.XrLeH7uBX9gc2UFWqTvD9rfNH1WEgyK', 'user', 'https://i.pinimg.com/564x/c6/e5/65/c6e56503cfdd87da299f72dc416023d4.jpg', NULL, 0, NULL, NULL, 0, 0, 0, 0, 0, 0, 0, 0, 0, 0, NULL, '2022-11-18 23:59:46', '2023-02-23 21:10:53', 0),
	(285, 'UNIT TEST JUNIPER', 'Chưa đặt tên', 'unittest_juniper@goquo.com', '', '$2a$05$MrxNpbCZqfGIdMo7KWdkMOx3HHalQc2jppWlwbOG0RN9I3AIdZpPu', 'user', 'https://i.pinimg.com/564x/c6/e5/65/c6e56503cfdd87da299f72dc416023d4.jpg', NULL, 0, NULL, NULL, 0, 0, 0, 0, 0, 0, 0, 0, 0, 0, NULL, '2022-11-18 23:59:46', '2023-02-23 21:10:53', 0),
	(286, 'UNIT TEST TBO', 'Chưa đặt tên', 'unittest_tbo@goquo.com', '', '$2a$05$KER0klHn1ItPme/9tmnPeO8m2ZC.UyZym313mhQinEwfxe1a/Ash6', 'user', 'https://i.pinimg.com/564x/c6/e5/65/c6e56503cfdd87da299f72dc416023d4.jpg', NULL, 0, NULL, NULL, 0, 0, 0, 0, 0, 0, 0, 0, 0, 0, NULL, '2022-11-18 23:59:46', '2023-02-23 21:10:53', 0),
	(287, 'UNIT TEST HMS', 'Chưa đặt tên', 'unittest_hms@goquo.com', '', '$2a$05$CEiIA7oQyACs4PQBVf47meoCN4oipSh4y4ZVB.l87LKpmqbzrh5dC', 'user', 'https://i.pinimg.com/564x/c6/e5/65/c6e56503cfdd87da299f72dc416023d4.jpg', NULL, 0, NULL, NULL, 0, 0, 0, 0, 0, 0, 0, 0, 0, 0, NULL, '2022-11-18 23:59:46', '2023-02-23 21:10:53', 0),
	(288, 'formula1', 'Chưa đặt tên', 'formula1@gmail.com', '', '$2a$05$ARUDLD5iLMeVuBB8EG/BoOzpSPd0Foqxl61bUUZd7CWpJcSzJNS5m', 'user', 'https://i.pinimg.com/564x/c6/e5/65/c6e56503cfdd87da299f72dc416023d4.jpg', NULL, 0, NULL, NULL, 0, 0, 0, 0, 0, 0, 0, 0, 0, 0, NULL, '2022-11-18 23:59:46', '2023-02-23 21:10:53', 0),
	(289, 'UNIT TEST SEERA', 'Chưa đặt tên', 'unittest_seera@goquo.com', '', '$2a$05$FWesLELlHRgOsuX9tvCDAuOHYzmsCU78OTIMDfeKpFFLoH.ExMb8m', 'user', 'https://i.pinimg.com/564x/c6/e5/65/c6e56503cfdd87da299f72dc416023d4.jpg', NULL, 0, NULL, NULL, 0, 0, 0, 0, 0, 0, 0, 0, 0, 0, NULL, '2022-11-18 23:59:46', '2023-02-23 21:10:53', 0),
	(290, 'hmsstagingfull', 'Chưa đặt tên', 'hmsstagingfull@goquo.io', '', '$2a$05$mC7IGM0w.a3LzNdgAJQ9DuB2rmJOiW8tihxNUSuyijCuWdXezmGge', 'user', 'https://i.pinimg.com/564x/c6/e5/65/c6e56503cfdd87da299f72dc416023d4.jpg', NULL, 0, NULL, NULL, 0, 0, 0, 0, 0, 0, 0, 0, 0, 0, NULL, '2022-11-18 23:59:46', '2023-02-23 21:10:53', 0),
	(291, 'mgjarvistest', 'Chưa đặt tên', 'mgjarvis@gmail.com', '', '$2a$05$uSRh2ex7LIOo/wHjnCLmkuoJJ8FgSw8PquteCN1vTxH6J4/lCfd.q', 'user', 'https://i.pinimg.com/564x/c6/e5/65/c6e56503cfdd87da299f72dc416023d4.jpg', NULL, 0, NULL, NULL, 0, 0, 0, 0, 0, 0, 0, 0, 0, 0, NULL, '2022-11-18 23:59:46', '2023-02-23 21:10:53', 0),
	(292, 'test', 'Chưa đặt tên', 'test29-10@gmail.com', '', '$2a$05$TIZ6yKb5V.Uzz4XMtLFuX.V0TUW.rsCeOrLs1RglC7/.4QKg5I4gS', 'user', 'https://i.pinimg.com/564x/c6/e5/65/c6e56503cfdd87da299f72dc416023d4.jpg', NULL, 0, NULL, NULL, 0, 0, 0, 0, 0, 0, 0, 0, 0, 0, NULL, '2022-11-18 23:59:46', '2023-02-23 21:10:53', 0),
	(293, 'test1', 'Chưa đặt tên', 'test29-10-1@gmail.com', '', '$2a$05$bxh2I12pXNWEUm0ntjV0J.P6p8vTmX3FOEFSFdc17euKCwaTkp6nu', 'user', 'https://i.pinimg.com/564x/c6/e5/65/c6e56503cfdd87da299f72dc416023d4.jpg', NULL, 0, NULL, NULL, 0, 0, 0, 0, 0, 0, 0, 0, 0, 0, NULL, '2022-11-18 23:59:46', '2023-02-23 21:10:53', 1),
	(294, 'tui_travi@goquo.com', 'Chưa đặt tên', 'tui_travi@goquo.com', '', '$2a$05$AWMNnDUHvO7l34KbnrzqEurY3bggvzN2E78fPXbKNoA1uEUuTMUBO', 'user', 'https://i.pinimg.com/564x/c6/e5/65/c6e56503cfdd87da299f72dc416023d4.jpg', NULL, 0, NULL, NULL, 0, 0, 0, 0, 0, 0, 0, 0, 0, 0, NULL, '2022-11-18 23:59:46', '2023-02-23 21:10:53', 0),
	(295, 'airasia staging1', 'Chưa đặt tên', 'airasia.staging@goquo.com', '', '$2a$05$aUaqM1vfM7RpstJnTPkaiuZWWSU2e15OgJBB7cxIJFV4/xNTvRxkK', 'user', 'https://i.pinimg.com/564x/c6/e5/65/c6e56503cfdd87da299f72dc416023d4.jpg', NULL, 0, NULL, NULL, 0, 0, 0, 0, 0, 0, 0, 0, 0, 0, NULL, '2022-11-18 23:59:46', '2023-02-23 21:10:53', 0),
	(296, 'EPS EasyGDS Live', 'Chưa đặt tên', 'eps@easyGDS.com', '', '$2a$05$MEdMn3mc2a2WUafdXRM8vOGeORumXeoTNaZ34F6Ca7ZsuAMStX4pW', 'user', 'https://i.pinimg.com/564x/c6/e5/65/c6e56503cfdd87da299f72dc416023d4.jpg', NULL, 0, NULL, NULL, 0, 0, 0, 0, 0, 0, 0, 0, 0, 0, NULL, '2022-11-18 23:59:46', '2023-02-23 21:10:53', 1),
	(297, 'super_app@airasia.com', 'Chưa đặt tên', 'super_app@airasia.com', '', '$2a$05$w8QaRV22NLEVUYtkE6wUAOEZDKKd6S5VQUJF0GQxzGSpKsy4gDWCi', 'user', 'https://i.pinimg.com/564x/c6/e5/65/c6e56503cfdd87da299f72dc416023d4.jpg', NULL, 0, NULL, NULL, 0, 0, 0, 0, 0, 0, 0, 0, 0, 0, NULL, '2022-11-18 23:59:46', '2023-02-23 21:10:53', 0),
	(298, 'Infinite@gmail.com', 'Chưa đặt tên', 'Infinite@gmail.com', '', '$2a$05$2YmG9IzQYa6c12RmoNNfC.Ta94FU3Ol7pAYXQ3oCFn/nPOX0HSFpG', 'user', 'https://i.pinimg.com/564x/c6/e5/65/c6e56503cfdd87da299f72dc416023d4.jpg', NULL, 0, NULL, NULL, 0, 0, 0, 0, 0, 0, 0, 0, 0, 0, NULL, '2022-11-18 23:59:46', '2023-02-23 21:10:53', 0),
	(299, 'Vibe staging', 'Chưa đặt tên', 'vibestaging@goquo.com', '', '$2a$05$zNfoHRptF549.fM9YtzFc.HsslvApYDpuAc.mI9jicaiAIL3DlcTC', 'user', 'https://i.pinimg.com/564x/c6/e5/65/c6e56503cfdd87da299f72dc416023d4.jpg', NULL, 0, NULL, NULL, 0, 0, 0, 0, 0, 0, 0, 0, 0, 0, NULL, '2022-11-18 23:59:46', '2023-02-23 21:10:53', 1),
	(300, 'danghaiv.18@gmail.com', 'Chưa đặt tên', 'dangvh@tuivietnam.com', '', '$2a$05$WXHt2Nqv.xMreRruGvdqnOn2/jgiTonVZT/A62aY9PCXgww5Ncs72', 'user', 'https://i.pinimg.com/564x/c6/e5/65/c6e56503cfdd87da299f72dc416023d4.jpg', NULL, 0, NULL, NULL, 0, 0, 0, 0, 0, 0, 0, 0, 0, 0, '{"extra_cancellation": true}', '2022-11-18 23:59:46', '2023-02-23 21:10:53', 0),
	(301, 'staging.rotana@goquo.com', 'Chưa đặt tên', 'staging.rotana@goquo.com', '', '$2a$05$yEcGs5xE5yfSVB42Noqshe6Mxe2oJ7A81IojtQEYhbw27KYexlo8q', 'user', 'https://i.pinimg.com/564x/c6/e5/65/c6e56503cfdd87da299f72dc416023d4.jpg', NULL, 0, NULL, NULL, 0, 0, 0, 0, 0, 0, 0, 0, 0, 0, NULL, '2022-11-18 23:59:46', '2023-02-23 21:10:53', 0),
	(302, 'fastpayhotelsStaging@goquo.com', 'Chưa đặt tên', 'fastpayhotelsstaging@goquo.com', '', '$2a$05$7JllePHLGchnQoxJP1ab2.7C8ymx9R4/AFxVaqTOWRXcEIf2pBsKu', 'user', 'https://i.pinimg.com/564x/c6/e5/65/c6e56503cfdd87da299f72dc416023d4.jpg', NULL, 0, NULL, NULL, 0, 0, 0, 0, 0, 0, 0, 0, 0, 0, NULL, '2022-11-18 23:59:46', '2023-02-23 21:10:53', 0),
	(303, 'itsvietnam', 'Chưa đặt tên', 'itsvietnam@goquo.com', '', '$2a$05$tqGe6oFqqBls3U6FP2adD.ezdAYeZy/IDKxk7NsJj0cj5.C6A5zEy', 'user', 'https://i.pinimg.com/564x/c6/e5/65/c6e56503cfdd87da299f72dc416023d4.jpg', NULL, 0, NULL, NULL, 0, 0, 0, 0, 0, 0, 0, 0, 0, 0, NULL, '2022-11-18 23:59:46', '2023-02-23 21:10:53', 0),
	(304, 'restel@goquo.com', 'Chưa đặt tên', 'restel@goquo.com', '', '$2a$05$wRI/q2qKcBLoh7mP7GdN1up5RNNCQjdT1CpUc.Q8DF8M9mGTnEqQm', 'user', 'https://i.pinimg.com/564x/c6/e5/65/c6e56503cfdd87da299f72dc416023d4.jpg', NULL, 0, NULL, NULL, 0, 0, 0, 0, 0, 0, 0, 0, 0, 0, NULL, '2022-11-18 23:59:46', '2023-02-23 21:10:53', 0),
	(305, 'sa@tui.co.uk', 'Chưa đặt tên', 'sa@tui.co.uk', '', '$2a$05$Ega1DthI/JZoCTW/vL6E7eMI8wn0Kuu4Ylgb/EPjJcARjzd5NmWWy', 'user', 'https://i.pinimg.com/564x/c6/e5/65/c6e56503cfdd87da299f72dc416023d4.jpg', NULL, 0, NULL, NULL, 0, 0, 0, 0, 0, 0, 0, 0, 0, 0, NULL, '2022-11-18 23:59:46', '2023-02-23 21:10:53', 0),
	(306, 'Vibe stopover staging', 'Chưa đặt tên', 'vibe.stopover.staging@goquo.com', '', '$2a$05$ssu81a6ZMEQNrAfiPoS4xubkwPD9Kn0yOLcSpC/HMO3LHlaD2UrOC', 'user', 'https://i.pinimg.com/564x/c6/e5/65/c6e56503cfdd87da299f72dc416023d4.jpg', NULL, 0, NULL, NULL, 0, 0, 0, 0, 0, 0, 0, 0, 0, 0, NULL, '2022-11-18 23:59:46', '2023-02-23 21:10:53', 0),
	(307, 'Luu Minh Sam (TLP)', 'Chưa đặt tên', 'sam.luuminh@tui.com', '', '$2a$05$38zxZ1F6b2BTiFXC9EM97uql9FvPAjcmu4UqluCkha20DV3obU8qO', 'user', 'https://i.pinimg.com/564x/c6/e5/65/c6e56503cfdd87da299f72dc416023d4.jpg', NULL, 0, NULL, NULL, 0, 0, 0, 0, 0, 0, 0, 0, 0, 0, NULL, '2022-11-18 23:59:46', '2023-02-23 21:10:53', 0),
	(308, 'HotelInfo AO', 'Chưa đặt tên', 'hotelinfo-ao@goquo.com', '', '$2a$05$0nc.eAucu1QdwrGA.KGyketsPdnTPmTywfAAyKCPG.aWrFpQ78px.', 'user', 'https://i.pinimg.com/564x/c6/e5/65/c6e56503cfdd87da299f72dc416023d4.jpg', NULL, 0, NULL, NULL, 0, 0, 0, 0, 0, 0, 0, 0, 0, 0, NULL, '2022-11-18 23:59:46', '2023-02-23 21:10:53', 0),
	(309, 'Vibe FIFA staging', 'Chưa đặt tên', 'vibe.fifa.staging@goquo.com', '', '$2a$05$YtRMhwLiMKvE8zedT8OzR.hlVkKoooMfAoCoxugobZlfPHI3QkMCm', 'user', 'https://i.pinimg.com/564x/c6/e5/65/c6e56503cfdd87da299f72dc416023d4.jpg', NULL, 0, NULL, NULL, 0, 0, 0, 0, 0, 0, 0, 0, 0, 0, NULL, '2022-11-18 23:59:46', '2023-02-23 21:10:53', 0),
	(310, 'Vibe', 'Chưa đặt tên', 'vibe.staging@goquo.com', '', '$2a$05$civ9WsEfHwzPbct19RdBoeZB9O6p.DuXjM5VPBGwYeWMczYHhjcCO', 'user', 'https://i.pinimg.com/564x/c6/e5/65/c6e56503cfdd87da299f72dc416023d4.jpg', NULL, 0, NULL, NULL, 0, 0, 0, 0, 0, 0, 0, 0, 0, 0, NULL, '2022-11-18 23:59:46', '2023-02-23 21:10:53', 0),
	(311, 'Juniper Gulf Air', 'Chưa đặt tên', 'juniper_gulfair_prod@tui.com', '', '$2a$05$89d7OriJw7YAb3oBeOUVWuYrBjuW.5ZtFtTuIyOMPPpm3DakM36ti', 'user', 'https://i.pinimg.com/564x/c6/e5/65/c6e56503cfdd87da299f72dc416023d4.jpg', NULL, 0, NULL, NULL, 0, 0, 0, 0, 0, 0, 0, 0, 0, 0, '{"sort_price": true}', '2022-11-18 23:59:46', '2023-02-23 21:10:53', 0),
	(313, 'mhhHMS', 'Chưa đặt tên', 'mhh_hms@tui.com', '', '$2a$05$iuN8WxkciU.LCHdO/PJVY.lQx/mJtQSQ5gFAlTvB6k/rYUo/2E1C6', 'user', 'https://i.pinimg.com/564x/c6/e5/65/c6e56503cfdd87da299f72dc416023d4.jpg', NULL, 0, NULL, NULL, 0, 0, 0, 0, 0, 0, 0, 0, 0, 0, NULL, '2022-11-18 23:59:46', '2023-02-23 21:10:53', 0),
	(314, 'Hotel Info', 'Chưa đặt tên', 'hotelinfo@aa.com', '', '$2a$05$BADCwsyFDCmTeUymyW3MNuonSQdM4YGliQ4W/pfPY3M2Zdg5QPagu', 'admin', 'https://i.pinimg.com/564x/c6/e5/65/c6e56503cfdd87da299f72dc416023d4.jpg', NULL, 0, NULL, NULL, 0, 0, 0, 0, 0, 0, 0, 0, 0, 0, NULL, '2022-11-18 23:59:46', '2023-02-23 21:10:53', 0),
	(315, 'Gulf Air', 'Chưa đặt tên', 'gulfair@tui.com', '', '$2a$05$Z0oWAyi1H/euwpC0v2PHv.qhUNpVtYZqsXFqbLwyujgyQXP4tvUDC', 'user', 'https://i.pinimg.com/564x/c6/e5/65/c6e56503cfdd87da299f72dc416023d4.jpg', NULL, 0, NULL, NULL, 0, 0, 0, 0, 0, 0, 0, 0, 0, 0, '{"sort_price": true}', '2022-11-18 23:59:46', '2023-02-23 21:10:53', 0),
	(316, 'Thai Vietjet Air', 'Chưa đặt tên', 'thai_vietjet_air@vietjet.com', '', '$2a$05$P48oRCdMvXMiRhdMv9evK.tp/RzHkT1zl5vrDa1UpxSkgTqA5h8VO', 'user', 'https://i.pinimg.com/564x/c6/e5/65/c6e56503cfdd87da299f72dc416023d4.jpg', NULL, 0, NULL, NULL, 0, 0, 0, 0, 0, 0, 0, 0, 0, 0, NULL, '2022-11-18 23:59:46', '2023-02-23 21:10:53', 1),
	(317, 'kiennt', 'Chưa đặt tên', 'kiennt@tuivietnam.com', '', '$2a$05$NIXkS1pQPRcqhveXwpK0KupKtNpA15H9TJoOovM5VFfkPArrU3QPq', 'user', 'https://i.pinimg.com/564x/c6/e5/65/c6e56503cfdd87da299f72dc416023d4.jpg', NULL, 0, NULL, NULL, 0, 0, 0, 0, 0, 0, 0, 0, 0, 0, NULL, '2022-11-18 23:59:46', '2023-02-23 21:10:53', 0),
	(318, 'lynt', 'Chưa đặt tên', 'lynt@tuivietnam.com', '', '$2a$05$rqfECH2w72wTCPUoBmO3Z.rtyhqE0OL0we.A0la55lQXu/DKW.Yga', 'user', 'https://i.pinimg.com/564x/c6/e5/65/c6e56503cfdd87da299f72dc416023d4.jpg', NULL, 0, NULL, NULL, 0, 0, 0, 0, 0, 0, 0, 0, 0, 0, NULL, '2022-11-18 23:59:46', '2023-02-23 21:10:53', 0),
	(319, 'Nguyễn Trung Kiên', 'trungkien2022001', 'trungkien07yd@gmail.com', '0989983025', '$2a$05$NQ.qO9y9UwDfmiVsNaHJYuhg7sCVC0DGd3/UTXV3zWbO9JgJeR2xu', 'admin', 'https://i.pinimg.com/564x/c6/e5/65/c6e56503cfdd87da299f72dc416023d4.jpg', '2001-02-20 00:00:00', 0, '136 Nguyễn An Ninh, Hoàng Mai, Hà Nội', NULL, 0, 1, 0, 0, 0, 0, 0, 0, 0, 0, NULL, '2022-11-19 08:59:39', '2023-05-22 22:15:40', 0),
	(320, 'test', 'test1', 'test1@gmail.com', '0123456789', '$2a$05$6Jao61/auEywfpvqOwVtFObKijpMGda1iAKSu5U2OjYZ0URxUfof6', 'user', 'http://res.cloudinary.com/trungkien2022001/image/upload/v1669566266/upload/z2uaaplapbaf4h8ckmdj.jpg', '2003-02-04 00:00:00', 0, NULL, NULL, 0, 0, 0, 0, 0, 0, 0, 0, 0, 0, NULL, '2022-11-27 23:38:52', '2023-02-23 21:10:53', 0),
	(321, 'test', 'test4', 'test2@gmail.com', '0123456788', '$2a$05$T.2DJ4DwT13Ls..mTq.lT.HstiMOaunbg7zsS7Lrkq4Ur8GVshBlm', 'user', 'http://res.cloudinary.com/trungkien2022001/image/upload/v1669566266/upload/z2uaaplapbaf4h8ckmdj.jpg', '2003-02-04 00:00:00', 0, 'Yên Đồng, Yen MO, Ninh Binh', NULL, 0, 0, 0, 0, 0, 0, 0, 0, 0, 0, NULL, '2022-11-27 23:45:41', '2023-02-23 21:10:53', 0),
	(322, 'test', 'test2', 'test3@gmail.com', '0123456787', '$2a$05$ntYpcDhJtlwm7Yy8KzX/geQI5vc51ASVFZNRfLsXEsioiRMDNd6PS', 'user', 'http://res.cloudinary.com/trungkien2022001/image/upload/v1669566266/upload/z2uaaplapbaf4h8ckmdj.jpg', '2003-02-04 00:00:00', 0, 'Yên Đồng, Yen MO, Ninh Binh', NULL, 0, 0, 0, 0, 0, 0, 0, 0, 0, 0, NULL, '2022-11-27 23:46:18', '2023-02-23 21:10:53', 0),
	(323, 'Kien', 'test3', 'tesh@gmail.com', '0111111111', '$2a$05$Ew6eDUQDG348i9uLmVwb8exf3hnU2Go0PyUP5hPoFzfCFJbUs3bPW', 'user', 'https://i.pinimg.com/564x/c6/e5/65/c6e56503cfdd87da299f72dc416023d4.jpg', '2001-01-09 00:00:00', 0, 'ewigerogerger', NULL, 0, 0, 0, 0, 0, 0, 0, 0, 0, 0, NULL, '2022-11-28 00:02:56', '2023-02-23 21:10:53', 0),
	(324, 'Đỗ Thị Nhung', 'nhungdo1010', 'dothinhung10102001@gmail.com', '0967775328', '$2a$05$Ml9fnvJjmrOM28U3MAXBheOFe3YRngp8ON8z9RGVUaSpmeMa5V7Ra', 'user', 'http://res.cloudinary.com/trungkien2022001/image/upload/v1669568892/upload/nbo9dpvsptdmtn8ngqsl.jpg', '2001-10-28 00:00:00', 0, 'Yên Phong, Yên Mô, Ninh Bình', NULL, 0, 0, 0, 0, 0, 0, 0, 0, 0, 0, NULL, '2022-11-28 00:08:21', '2023-02-23 21:10:53', 0),
	(325, 'Nguyễn Trung Kiên', 'admin', 'nguyenkien2022001@gmail.com', '0989983026', '$2a$05$c3mLkhlWiHS5Oc7205.fJupQQu4E02T.DtNCwt9Tr81JJ1JUw2x5a', 'user', 'http://res.cloudinary.com/trungkien2022001/image/upload/v1669786492/upload/elnoxnsvze1d0lcg16sl.jpg', '2001-02-20 00:00:00', 0, '136 Nguyễn An Ninh, Hoàng Mai, Hà Nội', NULL, 0, 0, 0, 0, 0, 0, 0, 0, 0, 0, NULL, '2022-11-30 12:35:18', '2023-02-23 21:10:53', 0),
	(326, 'thiên', 'thien1', 'thien@gmail.com', '0123456780', '$2a$05$8DXEvR6brRlQU2LIFIQV4uQbS4O0p8sGTyuYEi51nzGSREQ.zoNRO', 'user', 'https://i.pinimg.com/564x/c6/e5/65/c6e56503cfdd87da299f72dc416023d4.jpg', '2001-02-02 00:00:00', 0, 'yên đồng', NULL, 0, 0, 0, 0, 0, 0, 0, 0, 0, 0, NULL, '2022-12-10 11:03:51', '2023-02-23 21:10:53', 0),
	(327, 'Phạm Thị Diệu Linh', 'linhpham', '1@gmail.com', '0123456654', '$2a$05$M6vtTPg8zj3raYtFYe.M3OToR6wh/6Jt2hh1c7xjNdMrQ9HD55weC', 'user', 'http://res.cloudinary.com/trungkien2022001/image/upload/v1670765936/upload/ak95nj29imkav2ulzctn.jpg', '2001-02-01 00:00:00', 0, 'Yên Từ', NULL, 0, 0, 0, 0, 0, 0, 0, 0, 0, 0, NULL, '2022-12-11 20:39:39', '2023-02-23 21:10:53', 0),
	(328, 'Đỗ Thị Thoa', 'thoa', '2@gmail.com', '0111111112', '$2a$05$m5EDTDUk.VJYFtJ5wyPOLOm6un5YnfMILehLHwmdLK47c2EcYBzI2', 'user', 'http://res.cloudinary.com/trungkien2022001/image/upload/v1670768724/upload/tpuoh6vthlz8hvcojr9w.png', '2001-01-01 00:00:00', 0, 'Yên Đồng', NULL, 0, 0, 0, 0, 0, 0, 0, 0, 0, 0, NULL, '2022-12-11 21:25:50', '2023-02-23 21:10:53', 0),
	(329, 'Phạm đình thiên', 'thien3', '3@gmail.com', '0123123321', '$2a$05$BhyIGIw9bMjZ5MdmQSs1nOI30HpexonBxHeAOrFzwUxXSS9t5l4V6', 'user', 'http://res.cloudinary.com/trungkien2022001/image/upload/v1670991270/upload/igfp2hdm4pbupswo1jvd.jpg', '2001-02-02 00:00:00', 0, 'Hàn trên, yên đồng, yên mô, ninh bình', NULL, 0, 0, 0, 0, 0, 0, 0, 0, 0, 0, NULL, '2022-12-14 11:14:38', '2023-02-23 21:10:53', 0),
	(330, 'phạm thành đạt', 'thanhdat', '4@gmail.com', '4495949503', '$2a$05$vCv0khkGpGdzRVUtXvwDvu9akVDZXlpAfrTF3aGWSjBxb3f.3476O', 'user', 'http://res.cloudinary.com/trungkien2022001/image/upload/v1671103660/upload/c0ynsarztbz17ugaeoxw.jpg', '2002-02-02 00:00:00', 0, 'yên đồng', NULL, 0, 0, 0, 0, 0, 0, 0, 0, 0, 0, NULL, '2022-12-15 18:28:06', '2023-02-23 21:10:53', 0),
	(331, 'Hiếu', 'hieu', 'hieu@gmail.com', '0123456666', '$2a$05$ZcBTZjoCr9YzPRfat6WYh.Smm2xwdPYnGdO7t6j0gxL5JUW7eH04.', 'user', 'http://res.cloudinary.com/trungkien2022001/image/upload/v1671187514/upload/drlkfg84xal5dyuyo6ml.jpg', '2001-10-10 00:00:00', 0, 'retbhrte', NULL, 0, 0, 0, 0, 0, 0, 0, 0, 0, 0, NULL, '2022-12-16 17:45:23', '2023-02-23 21:10:53', 0),
	(332, 'Nguyễn Trung Kiên', 'trungkien07yd', '5@gmail.com', '0123456781', '$2a$05$Op/FtozXFgaxjk9BTjHk8etjfKj.CUiO6woGHtTcjDFwpuYppEY/.', 'user', 'http://res.cloudinary.com/trungkien2022001/image/upload/v1671464715/upload/gmeyw1mfk1cgfqiezsge.jpg', '2001-02-01 00:00:00', 0, 'yên đồng, yên mô, ninh binhg', NULL, 0, 0, 0, 0, 0, 0, 0, 0, 0, 0, NULL, '2022-12-19 22:45:24', '2023-02-23 21:10:53', 0),
	(333, 'Đỗ Thị Nhung', 'nhungdo10101', 'dothinhung1@gmail.com', '0967775321', '$2a$05$SAS0sXAwyXfWpcRy30WIl.0hv.iBqwlD5V7JawKeXS1XGVJS95TH2', 'user', 'http://res.cloudinary.com/trungkien2022001/image/upload/v1684944534/upload/zcjir0uefkevevk996yo.jpg', '2001-10-10 00:00:00', 0, '58 Trần Bình', NULL, 0, 0, 0, 0, 0, 0, 0, 0, 0, 0, NULL, '2023-05-24 23:09:39', '2023-05-24 23:09:39', 0);

-- Dumping structure for table auction.user_auction
CREATE TABLE IF NOT EXISTS `user_auction` (
  `id` int NOT NULL AUTO_INCREMENT,
  `user_id` int unsigned NOT NULL DEFAULT '0',
  `auction_id` int NOT NULL DEFAULT '0',
  `is_success` int NOT NULL DEFAULT '0',
  `createdAt` datetime NOT NULL DEFAULT CURRENT_TIMESTAMP,
  PRIMARY KEY (`id`),
  KEY `FK_user_auction_user` (`user_id`),
  KEY `FK_user_auction_auction` (`auction_id`),
  CONSTRAINT `FK_user_auction_auction` FOREIGN KEY (`auction_id`) REFERENCES `auction` (`id`),
  CONSTRAINT `FK_user_auction_user` FOREIGN KEY (`user_id`) REFERENCES `user` (`id`)
) ENGINE=InnoDB AUTO_INCREMENT=52 DEFAULT CHARSET=utf8mb4 COLLATE=utf8mb4_0900_ai_ci;

-- Dumping data for table auction.user_auction: ~51 rows (approximately)
INSERT INTO `user_auction` (`id`, `user_id`, `auction_id`, `is_success`, `createdAt`) VALUES
	(1, 324, 1, 0, '2022-12-09 00:20:11'),
	(2, 324, 2, 0, '2022-12-09 00:20:11'),
	(3, 319, 6, 0, '2022-12-10 01:07:55'),
	(4, 317, 6, 0, '2022-12-10 01:08:20'),
	(5, 319, 2, 0, '2022-12-10 02:11:25'),
	(6, 317, 2, 0, '2022-12-10 02:11:38'),
	(7, 324, 6, 0, '2022-12-10 10:24:22'),
	(8, 326, 6, 0, '2022-12-10 11:04:13'),
	(9, 326, 5, 0, '2022-12-10 11:25:25'),
	(10, 317, 5, 0, '2022-12-10 11:25:42'),
	(11, 326, 2, 0, '2022-12-10 11:45:38'),
	(12, 324, 10, 0, '2022-12-11 14:36:43'),
	(13, 317, 10, 0, '2022-12-11 14:36:56'),
	(14, 327, 6, 0, '2022-12-11 20:40:05'),
	(15, 327, 10, 0, '2022-12-11 20:58:58'),
	(16, 327, 1, 0, '2022-12-11 21:18:26'),
	(17, 317, 1, 0, '2022-12-11 21:19:02'),
	(18, 328, 6, 0, '2022-12-11 21:26:03'),
	(19, 328, 1, 0, '2022-12-11 21:50:04'),
	(20, 319, 10, 0, '2022-12-14 00:13:57'),
	(21, 329, 10, 0, '2022-12-14 11:16:34'),
	(22, 319, 1, 0, '2022-12-15 14:13:01'),
	(23, 319, 11, 0, '2022-12-15 14:26:22'),
	(24, 324, 13, 0, '2022-12-15 17:59:52'),
	(25, 317, 13, 0, '2022-12-15 18:02:46'),
	(26, 319, 13, 0, '2022-12-15 18:06:11'),
	(27, 330, 6, 0, '2022-12-15 18:28:21'),
	(28, 324, 15, 0, '2022-12-16 22:24:48'),
	(29, 324, 17, 0, '2022-12-16 22:34:02'),
	(30, 324, 21, 0, '2022-12-16 22:46:17'),
	(31, 319, 22, 0, '2022-12-16 22:47:30'),
	(32, 324, 24, 0, '2022-12-17 00:47:26'),
	(33, 324, 25, 0, '2022-12-17 08:54:33'),
	(34, 317, 26, 0, '2023-02-19 08:58:55'),
	(35, 317, 27, 0, '2023-02-19 09:03:18'),
	(36, 324, 26, 0, '2023-02-23 21:45:30'),
	(37, 327, 26, 0, '2023-02-23 21:56:32'),
	(38, 328, 26, 0, '2023-02-23 21:58:58'),
	(39, 327, 37, 0, '2023-02-23 23:53:12'),
	(40, 319, 29, 0, '2023-02-24 08:03:25'),
	(41, 329, 26, 0, '2023-02-24 08:05:32'),
	(42, 319, 38, 0, '2023-02-24 08:35:17'),
	(43, 319, 32, 0, '2023-02-24 09:02:40'),
	(44, 329, 32, 0, '2023-02-24 09:03:03'),
	(45, 323, 31, 0, '2023-03-24 08:33:42'),
	(46, 319, 31, 0, '2023-03-24 08:34:10'),
	(47, 319, 39, 0, '2023-03-24 08:41:29'),
	(48, 327, 42, 0, '2023-06-08 20:40:22'),
	(49, 327, 43, 0, '2023-06-10 09:17:18'),
	(50, 327, 41, 0, '2023-06-10 10:31:12'),
	(51, 327, 44, 0, '2023-06-10 15:44:05');

-- Dumping structure for table auction.user_rating_history
CREATE TABLE IF NOT EXISTS `user_rating_history` (
  `id` int NOT NULL AUTO_INCREMENT,
  `user_id` int unsigned NOT NULL,
  `rated_by` int unsigned NOT NULL,
  `rating` tinyint unsigned NOT NULL DEFAULT '0',
  `desc` text CHARACTER SET utf8mb4 COLLATE utf8mb4_0900_ai_ci,
  `created_at` datetime NOT NULL DEFAULT CURRENT_TIMESTAMP,
  `updated_at` datetime NOT NULL DEFAULT CURRENT_TIMESTAMP ON UPDATE CURRENT_TIMESTAMP,
  PRIMARY KEY (`id`),
  KEY `FK_user_rating_history_user` (`user_id`),
  KEY `FK_user_rating_history_user_2` (`rated_by`),
  CONSTRAINT `FK_user_rating_history_user` FOREIGN KEY (`user_id`) REFERENCES `user` (`id`),
  CONSTRAINT `FK_user_rating_history_user_2` FOREIGN KEY (`rated_by`) REFERENCES `user` (`id`)
) ENGINE=InnoDB DEFAULT CHARSET=utf8mb4 COLLATE=utf8mb4_0900_ai_ci;

-- Dumping data for table auction.user_rating_history: ~0 rows (approximately)

/*!40103 SET TIME_ZONE=IFNULL(@OLD_TIME_ZONE, 'system') */;
/*!40101 SET SQL_MODE=IFNULL(@OLD_SQL_MODE, '') */;
/*!40014 SET FOREIGN_KEY_CHECKS=IFNULL(@OLD_FOREIGN_KEY_CHECKS, 1) */;
/*!40101 SET CHARACTER_SET_CLIENT=@OLD_CHARACTER_SET_CLIENT */;
/*!40111 SET SQL_NOTES=IFNULL(@OLD_SQL_NOTES, 1) */;
